user_id,movie_id,rating,genre
391,77,4,Romance
542,33,5,Romance
882,2,1,Action
699,69,3,Action
788,83,3,Horror
115,38,4,Comedy
162,59,1,Horror
977,93,3,Comedy
996,65,2,Adventure
520,14,3,Sci-Fi
862,82,5,Drama
624,26,2,Drama
383,98,2,Adventure
553,100,5,Adventure
941,1,5,Comedy
332,63,1,Drama
115,47,3,Horror
246,8,2,Comedy
900,73,1,Adventure
88,94,4,Action
836,9,5,Adventure
785,17,2,Adventure
676,61,5,Drama
170,34,5,Romance
894,78,4,Sci-Fi
988,28,5,Romance
774,94,2,Action
731,40,4,Comedy
688,84,3,Drama
449,67,4,Sci-Fi
124,32,2,Comedy
66,44,1,Comedy
603,71,2,Action
603,29,1,Comedy
73,91,1,Drama
235,9,1,Adventure
881,43,1,Sci-Fi
527,31,3,Adventure
686,63,2,Drama
553,17,5,Adventure
591,61,2,Drama
804,61,4,Drama
195,13,1,Sci-Fi
675,56,3,Romance
434,53,4,Documentary
885,94,1,Action
690,84,1,Drama
63,52,3,Horror
820,14,2,Sci-Fi
197,25,5,Horror
460,18,4,Sci-Fi
188,36,4,Action
256,10,4,Action
828,71,1,Action
52,84,5,Drama
857,2,1,Action
949,97,2,Drama
171,53,4,Documentary
493,28,4,Romance
925,8,2,Comedy
389,1,4,Comedy
272,59,3,Horror
434,90,5,Sci-Fi
678,92,4,Documentary
159,25,3,Horror
223,8,5,Comedy
754,70,1,Sci-Fi
766,41,1,Horror
52,75,4,Comedy
515,68,2,Romance
59,66,1,Horror
872,24,1,Romance
610,9,2,Adventure
414,16,5,Sci-Fi
253,75,5,Comedy
41,80,1,Adventure
430,85,5,Sci-Fi
579,67,3,Sci-Fi
958,34,2,Romance
686,92,3,Documentary
245,34,4,Romance
135,86,3,Horror
469,41,1,Horror
10,59,5,Horror
577,13,1,Sci-Fi
551,28,5,Romance
272,17,3,Adventure
903,9,2,Adventure
379,37,2,Documentary
449,70,3,Sci-Fi
627,84,5,Drama
9,86,5,Horror
307,85,1,Sci-Fi
962,18,3,Sci-Fi
119,14,5,Sci-Fi
160,35,3,Horror
620,27,3,Sci-Fi
209,88,3,Adventure
518,63,3,Drama
928,7,1,Comedy
650,55,3,Drama
46,1,3,Comedy
790,17,3,Adventure
166,95,4,Comedy
565,91,4,Drama
575,2,1,Action
78,89,2,Romance
559,5,3,Sci-Fi
597,71,2,Action
441,17,1,Adventure
316,47,1,Horror
921,46,2,Sci-Fi
699,32,1,Comedy
363,100,5,Adventure
906,53,5,Documentary
768,20,2,Horror
886,21,2,Action
903,53,1,Documentary
184,95,3,Comedy
802,53,2,Documentary
274,21,1,Action
392,5,4,Sci-Fi
228,26,4,Drama
359,40,2,Comedy
229,4,2,Sci-Fi
409,43,3,Sci-Fi
886,9,3,Adventure
360,83,5,Horror
410,87,5,Adventure
340,4,1,Sci-Fi
899,34,2,Romance
595,34,1,Romance
112,77,4,Romance
354,94,3,Action
447,78,5,Sci-Fi
119,50,5,Comedy
195,33,1,Romance
726,56,1,Romance
533,69,2,Action
373,56,1,Romance
972,86,3,Horror
639,41,1,Horror
738,39,5,Adventure
317,86,4,Horror
335,52,3,Horror
568,17,2,Adventure
431,86,4,Horror
694,96,2,Drama
631,73,3,Adventure
416,71,1,Action
312,37,2,Documentary
441,75,5,Comedy
671,42,4,Romance
453,57,2,Romance
524,61,2,Drama
675,11,3,Action
528,85,5,Sci-Fi
344,12,2,Comedy
689,40,2,Comedy
826,26,2,Drama
26,6,2,Drama
487,79,1,Documentary
467,54,5,Romance
200,92,4,Documentary
507,52,2,Horror
152,84,1,Drama
915,97,1,Drama
798,55,2,Drama
181,90,5,Sci-Fi
476,7,5,Comedy
256,16,4,Sci-Fi
137,60,5,Comedy
573,77,3,Romance
973,97,4,Drama
628,93,5,Comedy
437,71,4,Action
919,21,4,Action
461,34,2,Romance
861,82,3,Drama
785,100,5,Adventure
497,81,2,Documentary
282,57,1,Romance
731,37,2,Documentary
279,43,3,Sci-Fi
915,70,1,Sci-Fi
142,20,2,Horror
393,89,2,Romance
724,28,1,Romance
425,53,3,Documentary
556,60,4,Comedy
64,27,4,Sci-Fi
399,99,5,Comedy
969,90,1,Sci-Fi
878,98,5,Adventure
390,62,1,Sci-Fi
966,46,3,Sci-Fi
772,50,4,Comedy
552,96,5,Drama
820,78,2,Sci-Fi
500,29,3,Comedy
447,63,1,Drama
399,44,4,Comedy
742,22,4,Drama
942,17,5,Adventure
547,4,4,Sci-Fi
607,73,1,Adventure
86,83,4,Horror
139,60,2,Comedy
52,34,4,Romance
336,28,4,Romance
335,44,4,Comedy
285,97,4,Drama
259,11,4,Action
20,96,5,Drama
54,45,2,Action
666,9,1,Adventure
773,4,2,Sci-Fi
205,3,5,Horror
157,31,2,Adventure
485,86,1,Horror
578,28,4,Romance
717,33,3,Romance
172,78,5,Sci-Fi
987,96,1,Drama
797,21,3,Action
111,75,1,Comedy
952,40,5,Comedy
694,49,4,Sci-Fi
965,92,2,Documentary
78,76,2,Sci-Fi
105,90,3,Sci-Fi
871,88,5,Adventure
825,16,5,Sci-Fi
802,6,3,Drama
546,55,3,Drama
71,65,3,Adventure
13,54,4,Romance
109,56,3,Romance
651,59,2,Horror
446,23,5,Adventure
989,84,3,Drama
631,69,4,Action
477,56,5,Romance
275,42,2,Romance
851,12,3,Comedy
903,58,2,Sci-Fi
769,60,5,Comedy
625,86,4,Horror
345,4,4,Sci-Fi
872,42,2,Romance
500,28,3,Romance
817,34,3,Romance
287,77,3,Romance
570,2,5,Action
971,25,1,Horror
248,93,4,Comedy
501,72,2,Romance
708,61,4,Drama
459,3,1,Horror
302,29,4,Comedy
709,32,3,Comedy
680,75,3,Comedy
485,71,5,Action
353,55,5,Drama
339,46,4,Sci-Fi
278,40,3,Comedy
237,16,2,Sci-Fi
324,16,5,Sci-Fi
974,98,2,Adventure
197,28,4,Romance
284,93,5,Comedy
779,68,5,Romance
290,13,2,Sci-Fi
304,30,3,Comedy
184,39,1,Adventure
726,69,2,Action
281,6,1,Drama
567,38,2,Comedy
654,97,4,Drama
106,2,5,Action
292,61,4,Drama
452,44,2,Comedy
989,7,3,Comedy
964,62,1,Sci-Fi
842,9,4,Adventure
504,10,5,Action
645,88,1,Adventure
156,20,5,Horror
972,39,1,Adventure
255,16,5,Sci-Fi
783,54,5,Romance
611,80,2,Adventure
795,67,4,Sci-Fi
462,57,3,Romance
881,76,4,Sci-Fi
313,73,5,Adventure
62,79,1,Documentary
971,98,2,Adventure
641,28,3,Romance
677,11,2,Action
246,23,5,Adventure
77,21,1,Action
419,58,5,Sci-Fi
482,38,1,Comedy
238,37,3,Documentary
720,59,1,Horror
704,30,3,Comedy
807,81,5,Documentary
678,26,4,Drama
118,70,2,Sci-Fi
664,20,3,Horror
847,19,1,Documentary
62,22,3,Drama
610,96,5,Drama
944,37,4,Documentary
128,60,3,Comedy
717,52,3,Horror
513,70,4,Sci-Fi
449,11,5,Action
41,56,3,Romance
619,33,1,Romance
94,30,5,Comedy
602,3,3,Horror
591,6,2,Drama
482,67,4,Sci-Fi
939,36,2,Action
600,56,4,Romance
993,12,4,Comedy
357,53,3,Documentary
329,86,1,Horror
879,21,3,Action
422,89,4,Romance
296,85,4,Sci-Fi
834,98,5,Adventure
38,59,1,Horror
323,33,3,Romance
119,99,4,Comedy
886,66,1,Horror
674,70,4,Sci-Fi
424,7,2,Comedy
531,47,5,Horror
775,64,4,Documentary
779,7,2,Comedy
274,71,2,Action
950,37,4,Documentary
902,90,4,Sci-Fi
125,4,5,Sci-Fi
819,31,2,Adventure
319,71,1,Action
566,53,1,Documentary
231,15,4,Action
970,16,2,Sci-Fi
511,92,3,Documentary
522,91,3,Drama
426,62,4,Sci-Fi
250,59,5,Horror
149,50,2,Comedy
944,77,5,Romance
765,18,1,Sci-Fi
283,99,4,Comedy
349,65,3,Adventure
841,1,3,Comedy
744,39,5,Adventure
594,85,4,Sci-Fi
887,20,4,Horror
552,62,3,Sci-Fi
341,71,5,Action
387,59,3,Horror
891,25,2,Horror
586,50,2,Comedy
877,100,4,Adventure
45,41,4,Horror
723,49,4,Sci-Fi
680,84,2,Drama
508,5,2,Sci-Fi
515,76,3,Sci-Fi
891,13,4,Sci-Fi
103,68,4,Romance
16,93,2,Comedy
420,84,2,Drama
77,61,3,Drama
347,80,4,Adventure
666,11,3,Action
873,87,5,Adventure
390,41,4,Horror
894,70,1,Sci-Fi
633,9,2,Adventure
647,88,3,Adventure
233,96,1,Drama
445,13,1,Sci-Fi
455,22,3,Drama
926,4,1,Sci-Fi
333,8,3,Comedy
368,48,4,Comedy
150,32,5,Comedy
422,73,2,Adventure
175,23,1,Adventure
625,49,5,Sci-Fi
700,31,4,Adventure
935,75,2,Comedy
238,60,3,Comedy
471,33,1,Romance
921,60,3,Comedy
694,70,2,Sci-Fi
76,57,3,Romance
602,39,4,Adventure
707,33,4,Romance
866,39,2,Adventure
394,62,1,Sci-Fi
243,49,5,Sci-Fi
368,74,3,Horror
717,38,1,Comedy
850,85,4,Sci-Fi
282,2,5,Action
886,88,1,Adventure
933,78,4,Sci-Fi
853,37,2,Documentary
622,46,2,Sci-Fi
652,25,5,Horror
257,87,2,Adventure
644,13,1,Sci-Fi
317,57,1,Romance
594,47,2,Horror
93,38,3,Comedy
766,54,2,Romance
206,17,5,Adventure
898,47,5,Horror
514,35,2,Horror
264,62,3,Sci-Fi
765,44,1,Comedy
480,10,2,Action
773,29,4,Comedy
991,72,3,Romance
93,51,1,Adventure
271,69,1,Action
466,48,3,Comedy
599,49,3,Sci-Fi
111,87,2,Adventure
483,4,5,Sci-Fi
906,72,3,Romance
938,79,2,Documentary
664,9,4,Adventure
932,90,3,Sci-Fi
665,53,1,Documentary
144,6,1,Drama
312,64,1,Documentary
100,31,5,Adventure
139,50,4,Comedy
380,86,5,Horror
430,76,2,Sci-Fi
907,54,1,Romance
854,63,5,Drama
418,36,1,Action
707,48,2,Comedy
455,57,2,Romance
876,47,1,Horror
703,48,5,Comedy
924,83,3,Horror
63,51,3,Adventure
195,16,4,Sci-Fi
94,85,2,Sci-Fi
658,82,5,Drama
995,3,1,Horror
806,43,2,Sci-Fi
129,73,2,Adventure
71,98,5,Adventure
213,76,2,Sci-Fi
833,30,3,Comedy
793,19,5,Documentary
3,36,2,Action
134,70,3,Sci-Fi
818,23,1,Adventure
677,4,2,Sci-Fi
16,46,2,Sci-Fi
603,42,1,Romance
179,34,1,Romance
130,95,4,Comedy
539,15,1,Action
488,58,3,Sci-Fi
526,76,1,Sci-Fi
463,65,2,Adventure
969,79,1,Documentary
745,85,5,Sci-Fi
309,59,1,Horror
63,62,4,Sci-Fi
437,88,1,Adventure
503,92,4,Documentary
76,11,3,Action
623,19,1,Documentary
130,36,5,Action
649,75,5,Comedy
730,42,4,Romance
612,68,3,Romance
465,65,5,Adventure
441,13,1,Sci-Fi
874,84,5,Drama
739,28,4,Romance
463,30,4,Comedy
348,59,4,Horror
426,94,1,Action
321,55,3,Drama
682,33,3,Romance
977,20,4,Horror
69,12,1,Comedy
96,56,1,Romance
763,95,3,Comedy
832,17,5,Adventure
62,76,5,Sci-Fi
576,43,1,Sci-Fi
421,46,4,Sci-Fi
889,93,1,Comedy
992,37,5,Documentary
320,46,1,Sci-Fi
592,65,2,Adventure
159,85,4,Sci-Fi
230,14,3,Sci-Fi
866,72,3,Romance
118,98,3,Adventure
588,29,4,Comedy
866,72,5,Romance
629,87,5,Adventure
27,78,3,Sci-Fi
30,24,3,Romance
720,98,3,Adventure
944,44,3,Comedy
7,24,2,Romance
580,85,4,Sci-Fi
72,19,1,Documentary
94,96,5,Drama
221,49,4,Sci-Fi
465,44,2,Comedy
379,40,3,Comedy
796,73,5,Adventure
87,7,2,Comedy
162,97,5,Drama
51,87,1,Adventure
279,57,4,Romance
498,78,4,Sci-Fi
425,35,2,Horror
774,66,1,Horror
354,56,1,Romance
291,87,5,Adventure
499,68,3,Romance
47,29,4,Comedy
614,8,1,Comedy
210,39,2,Adventure
786,18,3,Sci-Fi
297,42,1,Romance
8,64,4,Documentary
180,17,4,Adventure
546,91,2,Drama
513,72,3,Romance
74,51,1,Adventure
447,3,4,Horror
944,10,3,Action
590,55,5,Drama
415,91,4,Drama
297,15,4,Action
22,42,2,Romance
821,80,4,Adventure
852,89,3,Romance
91,56,1,Romance
250,56,5,Romance
411,68,1,Romance
406,40,3,Comedy
227,43,2,Sci-Fi
79,66,1,Horror
544,66,2,Horror
928,100,3,Adventure
360,94,2,Action
242,14,2,Sci-Fi
263,26,2,Drama
617,20,1,Horror
182,99,4,Comedy
476,97,5,Drama
779,75,4,Comedy
698,73,5,Adventure
331,81,3,Documentary
155,57,1,Romance
481,57,3,Romance
816,36,5,Action
58,46,5,Sci-Fi
76,40,4,Comedy
463,5,1,Sci-Fi
378,37,1,Documentary
661,12,5,Comedy
609,65,4,Adventure
474,75,5,Comedy
978,95,1,Comedy
461,74,2,Horror
330,78,4,Sci-Fi
514,20,1,Horror
462,14,3,Sci-Fi
732,11,5,Action
662,23,1,Adventure
254,91,4,Drama
450,68,5,Romance
625,21,3,Action
382,37,4,Documentary
419,100,3,Adventure
696,77,1,Romance
809,81,3,Documentary
68,43,1,Sci-Fi
572,87,4,Adventure
291,33,5,Romance
895,20,3,Horror
84,75,2,Comedy
939,45,3,Action
991,84,4,Drama
133,77,1,Romance
318,72,4,Romance
659,43,2,Sci-Fi
687,90,5,Sci-Fi
96,83,4,Horror
521,47,1,Horror
372,40,2,Comedy
974,28,3,Romance
971,99,4,Comedy
197,29,2,Comedy
159,10,3,Action
865,13,5,Sci-Fi
790,70,5,Sci-Fi
39,85,3,Sci-Fi
898,99,5,Comedy
135,77,4,Romance
158,21,2,Action
852,89,5,Romance
829,22,4,Drama
45,53,3,Documentary
693,93,2,Comedy
993,57,5,Romance
292,97,4,Drama
240,69,2,Action
317,61,2,Drama
377,87,5,Adventure
452,60,3,Comedy
797,49,5,Sci-Fi
541,54,2,Romance
837,26,5,Drama
142,33,1,Romance
657,62,3,Sci-Fi
568,14,5,Sci-Fi
872,16,3,Sci-Fi
86,98,2,Adventure
280,58,5,Sci-Fi
151,56,1,Romance
970,29,4,Comedy
906,45,1,Action
425,7,4,Comedy
515,48,2,Comedy
396,11,3,Action
230,4,3,Sci-Fi
954,13,3,Sci-Fi
811,19,2,Documentary
40,37,4,Documentary
713,18,4,Sci-Fi
460,79,1,Documentary
928,11,1,Action
263,28,2,Romance
562,94,5,Action
541,55,1,Drama
795,37,2,Documentary
309,16,1,Sci-Fi
245,54,5,Romance
469,9,1,Adventure
857,64,5,Documentary
549,3,5,Horror
589,31,2,Adventure
299,55,1,Drama
630,46,2,Sci-Fi
585,54,2,Romance
681,86,1,Horror
537,47,1,Horror
977,68,5,Romance
520,65,5,Adventure
21,50,4,Comedy
45,82,4,Drama
383,33,1,Romance
366,9,3,Adventure
247,94,1,Action
791,75,3,Comedy
137,6,3,Drama
560,44,2,Comedy
851,100,4,Adventure
713,62,2,Sci-Fi
831,18,1,Sci-Fi
734,100,4,Adventure
38,38,2,Comedy
45,26,1,Drama
324,40,5,Comedy
408,70,4,Sci-Fi
260,5,2,Sci-Fi
293,46,1,Sci-Fi
887,84,3,Drama
280,16,3,Sci-Fi
448,52,4,Horror
917,50,3,Comedy
998,24,4,Romance
709,64,3,Documentary
947,67,3,Sci-Fi
821,11,4,Action
81,56,5,Romance
843,24,5,Romance
301,42,1,Romance
82,42,3,Romance
314,58,5,Sci-Fi
735,55,2,Drama
707,57,3,Romance
458,6,3,Drama
630,56,3,Romance
655,8,1,Comedy
688,82,4,Drama
373,66,2,Horror
976,4,2,Sci-Fi
870,78,4,Sci-Fi
36,17,1,Adventure
242,100,3,Adventure
371,50,5,Comedy
34,78,2,Sci-Fi
696,58,3,Sci-Fi
381,57,1,Romance
588,18,5,Sci-Fi
376,51,3,Adventure
666,36,2,Action
984,15,1,Action
754,24,4,Romance
531,50,5,Comedy
121,34,3,Romance
721,58,2,Sci-Fi
627,37,4,Documentary
205,16,2,Sci-Fi
874,10,4,Action
177,92,4,Documentary
90,88,3,Adventure
684,45,1,Action
564,70,3,Sci-Fi
913,39,2,Adventure
729,91,2,Drama
813,47,5,Horror
230,16,2,Sci-Fi
812,18,2,Sci-Fi
810,64,1,Documentary
370,71,5,Action
378,60,5,Comedy
133,79,1,Documentary
68,40,4,Comedy
735,93,4,Comedy
539,53,4,Documentary
844,74,1,Horror
129,41,1,Horror
461,60,5,Comedy
353,17,5,Adventure
656,76,2,Sci-Fi
787,17,4,Adventure
515,8,1,Comedy
531,20,3,Horror
169,21,3,Action
958,91,2,Drama
355,67,3,Sci-Fi
867,11,3,Action
202,82,5,Drama
282,17,3,Adventure
630,69,1,Action
515,83,2,Horror
607,75,2,Comedy
176,85,5,Sci-Fi
738,78,3,Sci-Fi
863,73,1,Adventure
846,4,1,Sci-Fi
47,83,5,Horror
272,84,2,Drama
786,74,4,Horror
633,82,1,Drama
510,81,5,Documentary
297,83,3,Horror
495,32,4,Comedy
305,59,1,Horror
706,8,2,Comedy
451,54,4,Romance
476,27,3,Sci-Fi
622,19,3,Documentary
883,92,3,Documentary
752,45,4,Action
134,98,3,Adventure
528,72,1,Romance
327,31,4,Adventure
126,35,4,Horror
254,19,1,Documentary
52,38,4,Comedy
885,79,4,Documentary
255,21,3,Action
957,74,3,Horror
195,98,2,Adventure
511,66,4,Horror
511,40,4,Comedy
24,12,4,Comedy
518,59,2,Horror
221,75,3,Comedy
50,7,3,Comedy
507,77,4,Romance
293,69,1,Action
868,14,4,Sci-Fi
138,34,3,Romance
783,52,3,Horror
47,52,1,Horror
584,72,2,Romance
372,71,3,Action
76,50,5,Comedy
462,98,5,Adventure
287,80,5,Adventure
122,17,1,Adventure
404,48,3,Comedy
572,47,2,Horror
204,78,5,Sci-Fi
412,65,1,Adventure
47,5,2,Sci-Fi
731,43,4,Sci-Fi
532,59,2,Horror
621,66,2,Horror
336,79,3,Documentary
167,51,5,Adventure
758,39,5,Adventure
345,65,5,Adventure
546,63,5,Drama
307,61,1,Drama
378,43,1,Sci-Fi
427,75,3,Comedy
816,93,1,Comedy
612,61,3,Drama
991,84,5,Drama
592,30,1,Comedy
598,62,2,Sci-Fi
537,81,5,Documentary
794,49,2,Sci-Fi
842,88,2,Adventure
33,74,1,Horror
196,3,4,Horror
322,54,2,Romance
423,89,2,Romance
421,65,5,Adventure
943,61,1,Drama
723,18,5,Sci-Fi
213,72,3,Romance
679,62,5,Sci-Fi
386,41,2,Horror
471,69,3,Action
560,46,3,Sci-Fi
625,62,2,Sci-Fi
981,32,3,Comedy
572,39,2,Adventure
965,39,3,Adventure
722,27,4,Sci-Fi
325,62,3,Sci-Fi
574,93,3,Comedy
295,16,5,Sci-Fi
693,70,4,Sci-Fi
918,51,3,Adventure
978,99,2,Comedy
298,6,3,Drama
979,92,1,Documentary
355,57,3,Romance
766,62,2,Sci-Fi
207,69,3,Action
956,72,3,Romance
141,14,5,Sci-Fi
759,76,2,Sci-Fi
249,7,5,Comedy
232,82,2,Drama
54,13,4,Sci-Fi
339,92,4,Documentary
103,88,2,Adventure
6,71,2,Action
417,84,4,Drama
489,84,2,Drama
775,37,3,Documentary
293,83,1,Horror
930,99,1,Comedy
668,74,2,Horror
548,95,1,Comedy
936,23,4,Adventure
904,23,1,Adventure
857,51,4,Adventure
191,96,3,Drama
898,5,1,Sci-Fi
306,73,5,Adventure
110,43,3,Sci-Fi
466,83,5,Horror
537,64,2,Documentary
872,65,4,Adventure
280,25,1,Horror
339,21,4,Action
664,33,2,Romance
15,95,3,Comedy
810,38,5,Comedy
691,97,2,Drama
180,79,4,Documentary
847,55,5,Drama
336,12,4,Comedy
686,13,2,Sci-Fi
144,62,3,Sci-Fi
959,32,1,Comedy
268,50,2,Comedy
458,97,3,Drama
977,43,3,Sci-Fi
597,93,5,Comedy
12,34,3,Romance
710,31,1,Adventure
684,16,4,Sci-Fi
315,21,4,Action
703,65,3,Adventure
707,16,3,Sci-Fi
377,79,2,Documentary
225,18,4,Sci-Fi
157,59,5,Horror
383,54,5,Romance
935,61,5,Drama
822,86,2,Horror
781,32,5,Comedy
895,11,5,Action
458,68,3,Romance
80,73,1,Adventure
64,71,5,Action
208,74,5,Horror
154,22,3,Drama
875,67,4,Sci-Fi
120,88,2,Adventure
735,75,4,Comedy
94,66,4,Horror
829,8,4,Comedy
136,66,4,Horror
468,73,1,Adventure
573,60,3,Comedy
741,3,4,Horror
261,1,2,Comedy
593,10,1,Action
434,45,1,Action
555,8,1,Comedy
957,61,1,Drama
294,53,2,Documentary
788,18,4,Sci-Fi
384,49,4,Sci-Fi
891,49,4,Sci-Fi
83,88,5,Adventure
137,84,3,Drama
122,23,5,Adventure
403,68,2,Romance
746,29,1,Comedy
775,3,3,Horror
475,87,5,Adventure
435,69,4,Action
844,30,2,Comedy
472,45,2,Action
283,25,1,Horror
33,85,4,Sci-Fi
630,99,1,Comedy
247,27,1,Sci-Fi
104,77,1,Romance
458,77,1,Romance
251,95,1,Comedy
412,57,2,Romance
553,28,1,Romance
144,65,3,Adventure
240,94,5,Action
327,74,5,Horror
792,87,3,Adventure
243,39,2,Adventure
677,67,2,Sci-Fi
424,39,3,Adventure
63,72,5,Romance
901,95,2,Comedy
642,87,4,Adventure
570,64,1,Documentary
996,45,4,Action
805,68,3,Romance
714,54,4,Romance
153,39,4,Adventure
189,97,5,Drama
485,31,2,Adventure
308,91,2,Drama
826,60,1,Comedy
576,53,4,Documentary
571,68,2,Romance
398,32,3,Comedy
209,43,1,Sci-Fi
945,58,3,Sci-Fi
95,69,2,Action
53,35,4,Horror
690,78,5,Sci-Fi
41,10,2,Action
824,98,5,Adventure
742,86,5,Horror
223,62,2,Sci-Fi
891,43,3,Sci-Fi
980,2,2,Action
960,25,1,Horror
765,97,4,Drama
937,32,5,Comedy
721,27,4,Sci-Fi
938,31,5,Adventure
330,100,3,Adventure
390,60,5,Comedy
665,46,3,Sci-Fi
268,47,5,Horror
904,64,4,Documentary
101,93,4,Comedy
780,41,2,Horror
380,41,4,Horror
47,73,2,Adventure
760,19,1,Documentary
268,71,5,Action
594,93,4,Comedy
303,20,2,Horror
338,30,4,Comedy
584,32,4,Comedy
564,84,3,Drama
264,98,4,Adventure
990,93,4,Comedy
472,22,3,Drama
174,18,5,Sci-Fi
501,24,5,Romance
658,8,5,Comedy
35,10,1,Action
783,1,4,Comedy
141,81,2,Documentary
70,91,2,Drama
10,28,5,Romance
467,48,1,Comedy
633,82,5,Drama
935,62,4,Sci-Fi
17,1,5,Comedy
565,53,1,Documentary
18,68,3,Romance
549,37,1,Documentary
515,90,4,Sci-Fi
826,23,1,Adventure
941,13,5,Sci-Fi
153,31,2,Adventure
635,68,3,Romance
835,46,3,Sci-Fi
815,51,1,Adventure
383,52,4,Horror
579,32,2,Comedy
308,88,1,Adventure
670,84,1,Drama
96,52,4,Horror
387,71,4,Action
58,82,1,Drama
720,22,1,Drama
512,56,3,Romance
580,13,5,Sci-Fi
942,6,2,Drama
217,89,5,Romance
487,35,1,Horror
947,10,3,Action
921,70,5,Sci-Fi
674,5,2,Sci-Fi
952,41,1,Horror
985,27,5,Sci-Fi
148,97,4,Drama
952,10,3,Action
167,73,2,Adventure
581,50,5,Comedy
340,50,2,Comedy
810,89,1,Romance
513,96,3,Drama
55,13,4,Sci-Fi
238,10,3,Action
620,99,5,Comedy
978,77,4,Romance
993,100,3,Adventure
31,82,3,Drama
803,58,4,Sci-Fi
234,46,5,Sci-Fi
964,49,4,Sci-Fi
191,88,5,Adventure
677,49,1,Sci-Fi
791,80,3,Adventure
818,32,1,Comedy
85,35,2,Horror
390,92,2,Documentary
758,50,3,Comedy
370,14,1,Sci-Fi
6,40,4,Comedy
369,98,3,Adventure
105,17,1,Adventure
192,56,4,Romance
571,72,5,Romance
418,14,1,Sci-Fi
92,46,5,Sci-Fi
96,77,5,Romance
804,42,4,Romance
13,38,4,Comedy
398,100,1,Adventure
743,72,2,Romance
586,67,2,Sci-Fi
702,49,2,Sci-Fi
143,35,3,Horror
275,64,2,Documentary
65,22,4,Drama
283,54,3,Romance
496,10,3,Action
258,32,4,Comedy
609,79,2,Documentary
469,14,2,Sci-Fi
312,1,4,Comedy
341,80,4,Adventure
824,43,4,Sci-Fi
343,56,5,Romance
140,39,3,Adventure
618,89,2,Romance
491,41,2,Horror
988,51,3,Adventure
299,95,4,Comedy
991,74,2,Horror
334,49,3,Sci-Fi
837,51,3,Adventure
117,73,2,Adventure
607,70,2,Sci-Fi
699,99,5,Comedy
28,94,4,Action
966,91,2,Drama
449,38,1,Comedy
839,53,4,Documentary
143,82,3,Drama
248,33,2,Romance
733,55,4,Drama
76,58,5,Sci-Fi
491,75,4,Comedy
548,65,4,Adventure
557,5,3,Sci-Fi
719,69,5,Action
654,11,1,Action
788,32,3,Comedy
171,83,5,Horror
46,73,4,Adventure
991,97,3,Drama
989,56,1,Romance
11,13,3,Sci-Fi
228,66,5,Horror
572,75,5,Comedy
227,58,3,Sci-Fi
401,60,5,Comedy
708,65,2,Adventure
354,4,4,Sci-Fi
108,38,4,Comedy
943,11,1,Action
852,94,2,Action
357,40,3,Comedy
467,27,5,Sci-Fi
495,45,4,Action
100,57,4,Romance
327,9,3,Adventure
46,91,1,Drama
24,44,1,Comedy
694,22,2,Drama
529,23,5,Adventure
164,43,5,Sci-Fi
437,60,2,Comedy
817,52,2,Horror
191,82,4,Drama
406,4,5,Sci-Fi
905,26,4,Drama
607,55,4,Drama
5,91,2,Drama
211,36,1,Action
592,14,5,Sci-Fi
192,47,3,Horror
202,59,1,Horror
269,86,4,Horror
541,82,3,Drama
612,50,5,Comedy
402,76,1,Sci-Fi
357,46,4,Sci-Fi
633,23,3,Adventure
941,79,5,Documentary
87,87,2,Adventure
321,16,2,Sci-Fi
313,15,2,Action
383,89,2,Romance
524,50,4,Comedy
611,18,5,Sci-Fi
393,55,2,Drama
499,82,5,Drama
711,83,2,Horror
569,22,4,Drama
296,18,2,Sci-Fi
323,58,5,Sci-Fi
55,46,1,Sci-Fi
497,18,2,Sci-Fi
835,50,5,Comedy
518,84,4,Drama
419,88,4,Adventure
426,91,4,Drama
501,22,1,Drama
579,4,2,Sci-Fi
300,5,3,Sci-Fi
231,69,3,Action
173,100,4,Adventure
580,96,4,Drama
563,66,1,Horror
587,15,3,Action
794,70,3,Sci-Fi
556,97,1,Drama
779,93,4,Comedy
560,28,4,Romance
105,95,2,Comedy
305,5,4,Sci-Fi
270,45,1,Action
450,16,2,Sci-Fi
215,95,5,Comedy
706,45,5,Action
648,55,2,Drama
631,18,2,Sci-Fi
834,27,1,Sci-Fi
584,45,5,Action
288,77,5,Romance
173,42,3,Romance
297,74,3,Horror
976,66,1,Horror
139,97,4,Drama
941,8,3,Comedy
888,84,2,Drama
719,17,2,Adventure
150,92,3,Documentary
849,32,4,Comedy
502,19,5,Documentary
648,35,4,Horror
385,58,1,Sci-Fi
649,99,1,Comedy
413,66,3,Horror
712,48,4,Comedy
974,63,3,Drama
596,1,1,Comedy
749,59,3,Horror
871,9,5,Adventure
408,28,4,Romance
845,28,4,Romance
275,42,3,Romance
346,71,5,Action
134,73,4,Adventure
808,44,1,Comedy
48,13,4,Sci-Fi
17,16,2,Sci-Fi
452,59,1,Horror
982,55,2,Drama
706,17,3,Adventure
163,36,1,Action
671,47,3,Horror
85,48,2,Comedy
54,51,3,Adventure
744,90,2,Sci-Fi
440,84,1,Drama
721,13,1,Sci-Fi
219,62,1,Sci-Fi
136,76,2,Sci-Fi
532,88,4,Adventure
10,2,3,Action
837,16,4,Sci-Fi
711,17,4,Adventure
73,30,4,Comedy
92,94,1,Action
106,41,3,Horror
903,39,2,Adventure
392,100,2,Adventure
657,87,2,Adventure
71,68,5,Romance
9,79,2,Documentary
451,45,2,Action
644,96,2,Drama
942,53,5,Documentary
704,57,2,Romance
89,13,2,Sci-Fi
771,16,5,Sci-Fi
748,50,3,Comedy
987,55,3,Drama
811,18,2,Sci-Fi
284,83,1,Horror
255,71,5,Action
615,93,5,Comedy
292,100,1,Adventure
869,85,3,Sci-Fi
211,67,5,Sci-Fi
522,25,4,Horror
303,83,1,Horror
803,31,4,Adventure
396,15,2,Action
512,82,5,Drama
73,68,1,Romance
370,41,2,Horror
397,73,4,Adventure
375,70,2,Sci-Fi
782,61,1,Drama
18,76,1,Sci-Fi
15,34,2,Romance
41,8,4,Comedy
519,37,5,Documentary
786,54,4,Romance
719,52,1,Horror
656,69,5,Action
631,20,3,Horror
86,40,1,Comedy
524,27,2,Sci-Fi
550,42,4,Romance
601,82,1,Drama
318,90,4,Sci-Fi
748,31,1,Adventure
251,12,4,Comedy
119,59,5,Horror
624,8,3,Comedy
683,95,2,Comedy
123,2,2,Action
719,2,2,Action
509,45,5,Action
530,93,3,Comedy
171,48,2,Comedy
768,100,3,Adventure
751,16,1,Sci-Fi
344,55,3,Drama
537,9,3,Adventure
730,74,1,Horror
509,59,5,Horror
369,8,4,Comedy
880,73,2,Adventure
377,21,3,Action
792,14,5,Sci-Fi
691,93,1,Comedy
234,95,5,Comedy
3,6,1,Drama
251,6,4,Drama
373,50,2,Comedy
184,5,5,Sci-Fi
823,92,4,Documentary
230,42,2,Romance
427,93,3,Comedy
278,10,5,Action
382,16,5,Sci-Fi
690,7,2,Comedy
229,67,1,Sci-Fi
977,52,1,Horror
899,60,3,Comedy
793,40,3,Comedy
89,71,4,Action
9,48,2,Comedy
299,73,3,Adventure
758,80,2,Adventure
476,48,5,Comedy
996,64,2,Documentary
751,70,2,Sci-Fi
155,1,4,Comedy
25,30,5,Comedy
355,82,1,Drama
974,43,1,Sci-Fi
778,85,4,Sci-Fi
870,95,3,Comedy
107,27,5,Sci-Fi
244,54,4,Romance
985,8,2,Comedy
729,36,1,Action
45,30,5,Comedy
423,90,3,Sci-Fi
470,96,1,Drama
595,13,5,Sci-Fi
137,82,4,Drama
77,76,5,Sci-Fi
64,56,2,Romance
243,38,3,Comedy
872,41,4,Horror
718,95,3,Comedy
326,58,3,Sci-Fi
240,10,2,Action
140,100,5,Adventure
112,20,1,Horror
169,58,4,Sci-Fi
322,53,1,Documentary
549,46,2,Sci-Fi
463,40,4,Comedy
272,16,1,Sci-Fi
162,88,3,Adventure
847,91,5,Drama
42,28,3,Romance
152,12,2,Comedy
992,46,4,Sci-Fi
526,7,3,Comedy
267,23,1,Adventure
975,52,4,Horror
570,96,5,Drama
256,13,4,Sci-Fi
105,18,1,Sci-Fi
13,8,2,Comedy
134,26,4,Drama
382,88,1,Adventure
597,76,3,Sci-Fi
940,10,1,Action
67,26,4,Drama
829,17,1,Adventure
927,43,1,Sci-Fi
44,60,1,Comedy
173,74,4,Horror
842,93,4,Comedy
509,4,4,Sci-Fi
700,55,2,Drama
363,28,2,Romance
282,36,4,Action
905,20,1,Horror
629,80,5,Adventure
252,83,3,Horror
511,53,5,Documentary
491,8,1,Comedy
287,50,2,Comedy
430,26,5,Drama
256,81,5,Documentary
814,3,4,Horror
801,92,3,Documentary
492,70,4,Sci-Fi
353,73,5,Adventure
330,50,3,Comedy
185,4,3,Sci-Fi
612,29,1,Comedy
918,100,3,Adventure
60,61,5,Drama
367,99,5,Comedy
239,21,1,Action
254,85,2,Sci-Fi
273,69,1,Action
783,29,5,Comedy
867,50,3,Comedy
958,23,2,Adventure
243,76,3,Sci-Fi
826,95,3,Comedy
936,76,1,Sci-Fi
721,90,3,Sci-Fi
971,73,5,Adventure
146,73,2,Adventure
857,64,5,Documentary
317,23,4,Adventure
39,12,1,Comedy
239,78,2,Sci-Fi
21,68,4,Romance
1,43,5,Sci-Fi
207,17,3,Adventure
735,23,3,Adventure
61,3,2,Horror
601,91,2,Drama
793,15,5,Action
882,47,1,Horror
383,91,4,Drama
601,13,3,Sci-Fi
310,42,2,Romance
1000,21,4,Action
811,82,4,Drama
665,41,2,Horror
725,72,5,Romance
806,46,2,Sci-Fi
682,76,2,Sci-Fi
388,40,3,Comedy
131,23,1,Adventure
972,90,5,Sci-Fi
401,99,5,Comedy
34,24,5,Romance
326,79,2,Documentary
655,73,1,Adventure
960,64,2,Documentary
340,96,1,Drama
244,45,3,Action
172,82,1,Drama
842,91,3,Drama
458,2,3,Action
215,32,1,Comedy
359,33,1,Romance
738,1,1,Comedy
396,57,4,Romance
993,22,4,Drama
505,49,3,Sci-Fi
560,49,1,Sci-Fi
849,62,5,Sci-Fi
667,98,2,Adventure
167,58,1,Sci-Fi
819,5,3,Sci-Fi
21,41,3,Horror
975,14,1,Sci-Fi
351,22,4,Drama
165,94,1,Action
561,12,3,Comedy
609,79,4,Documentary
722,4,4,Sci-Fi
966,84,2,Drama
622,56,2,Romance
55,13,3,Sci-Fi
211,25,4,Horror
714,71,5,Action
272,85,3,Sci-Fi
305,31,1,Adventure
51,51,5,Adventure
563,63,2,Drama
56,47,1,Horror
438,12,3,Comedy
844,85,5,Sci-Fi
492,26,1,Drama
27,27,2,Sci-Fi
654,38,1,Comedy
485,15,3,Action
804,51,4,Adventure
501,85,3,Sci-Fi
94,83,5,Horror
397,24,3,Romance
907,49,3,Sci-Fi
192,58,1,Sci-Fi
270,57,4,Romance
270,29,3,Comedy
578,8,2,Comedy
771,90,1,Sci-Fi
88,86,3,Horror
828,70,4,Sci-Fi
995,97,5,Drama
233,71,1,Action
861,50,5,Comedy
429,69,4,Action
587,31,4,Adventure
307,11,4,Action
925,92,1,Documentary
515,74,5,Horror
820,74,5,Horror
151,16,4,Sci-Fi
178,22,2,Drama
828,25,2,Horror
44,55,1,Drama
700,56,2,Romance
843,81,2,Documentary
855,77,3,Romance
328,94,1,Action
90,50,5,Comedy
407,71,3,Action
878,36,5,Action
470,2,5,Action
602,67,4,Sci-Fi
116,54,2,Romance
152,73,5,Adventure
597,98,1,Adventure
948,14,5,Sci-Fi
799,13,3,Sci-Fi
889,69,3,Action
899,53,3,Documentary
393,84,4,Drama
586,78,4,Sci-Fi
39,23,3,Adventure
413,19,5,Documentary
624,88,4,Adventure
40,51,3,Adventure
708,31,1,Adventure
764,61,3,Drama
919,48,1,Comedy
346,39,3,Adventure
288,63,1,Drama
996,30,2,Comedy
308,96,4,Drama
793,42,3,Romance
747,54,5,Romance
662,12,2,Comedy
453,28,4,Romance
759,63,5,Drama
889,48,1,Comedy
528,21,1,Action
319,91,5,Drama
414,18,5,Sci-Fi
901,73,1,Adventure
178,25,2,Horror
858,8,2,Comedy
34,59,1,Horror
941,47,2,Horror
281,48,4,Comedy
518,51,1,Adventure
698,4,2,Sci-Fi
382,63,5,Drama
457,23,4,Adventure
601,71,3,Action
353,21,3,Action
767,89,1,Romance
292,4,4,Sci-Fi
51,21,5,Action
799,28,2,Romance
663,29,2,Comedy
276,84,4,Drama
526,3,1,Horror
486,17,2,Adventure
616,2,2,Action
259,78,3,Sci-Fi
730,91,3,Drama
434,49,3,Sci-Fi
471,33,2,Romance
478,39,5,Adventure
845,80,4,Adventure
599,14,1,Sci-Fi
524,85,3,Sci-Fi
575,83,5,Horror
624,37,3,Documentary
701,14,4,Sci-Fi
66,44,3,Comedy
656,42,3,Romance
268,84,3,Drama
193,20,5,Horror
784,31,1,Adventure
825,77,4,Romance
677,41,2,Horror
739,4,4,Sci-Fi
303,34,4,Romance
415,50,1,Comedy
598,91,5,Drama
836,25,3,Horror
744,92,2,Documentary
703,69,4,Action
929,86,3,Horror
520,39,2,Adventure
861,85,5,Sci-Fi
186,38,1,Comedy
483,17,3,Adventure
743,72,2,Romance
970,88,3,Adventure
671,12,2,Comedy
364,29,3,Comedy
431,43,3,Sci-Fi
267,75,3,Comedy
475,16,4,Sci-Fi
55,82,5,Drama
595,80,1,Adventure
484,25,5,Horror
123,88,4,Adventure
543,39,4,Adventure
56,20,2,Horror
206,44,4,Comedy
584,59,2,Horror
324,92,2,Documentary
798,11,4,Action
341,81,2,Documentary
321,82,1,Drama
5,58,3,Sci-Fi
215,98,2,Adventure
591,98,2,Adventure
502,98,1,Adventure
133,79,4,Documentary
649,55,4,Drama
440,62,4,Sci-Fi
5,5,5,Sci-Fi
205,94,3,Action
973,2,3,Action
776,68,2,Romance
19,87,1,Adventure
642,94,2,Action
232,89,3,Romance
320,17,1,Adventure
393,65,5,Adventure
314,22,1,Drama
844,6,3,Drama
972,38,4,Comedy
746,67,5,Sci-Fi
537,44,4,Comedy
910,88,2,Adventure
351,63,3,Drama
769,25,2,Horror
971,52,1,Horror
234,29,2,Comedy
217,94,1,Action
604,65,2,Adventure
127,47,1,Horror
385,82,3,Drama
790,69,5,Action
50,77,1,Romance
678,14,1,Sci-Fi
50,89,1,Romance
427,57,4,Romance
127,71,3,Action
486,90,2,Sci-Fi
211,89,1,Romance
309,54,1,Romance
679,67,3,Sci-Fi
638,78,2,Sci-Fi
429,14,5,Sci-Fi
737,80,1,Adventure
290,15,1,Action
510,26,5,Drama
205,100,3,Adventure
852,67,2,Sci-Fi
367,91,4,Drama
303,21,1,Action
562,64,2,Documentary
705,62,3,Sci-Fi
241,1,1,Comedy
688,12,1,Comedy
856,74,4,Horror
153,12,5,Comedy
77,93,1,Comedy
927,33,2,Romance
468,38,3,Comedy
476,7,1,Comedy
833,23,1,Adventure
873,38,3,Comedy
821,87,3,Adventure
437,95,1,Comedy
98,98,1,Adventure
10,18,2,Sci-Fi
337,46,4,Sci-Fi
979,80,3,Adventure
900,94,1,Action
382,44,2,Comedy
117,52,4,Horror
986,59,3,Horror
856,50,4,Comedy
820,54,2,Romance
116,17,1,Adventure
966,21,1,Action
427,76,4,Sci-Fi
822,73,4,Adventure
186,79,4,Documentary
798,46,5,Sci-Fi
30,88,2,Adventure
495,63,1,Drama
909,53,4,Documentary
48,9,3,Adventure
671,41,1,Horror
722,87,5,Adventure
786,96,5,Drama
742,73,2,Adventure
979,86,3,Horror
532,67,5,Sci-Fi
98,56,2,Romance
494,45,4,Action
153,72,5,Romance
56,2,2,Action
518,61,4,Drama
891,22,1,Drama
770,63,3,Drama
247,43,3,Sci-Fi
52,65,2,Adventure
564,83,4,Horror
413,31,1,Adventure
471,57,5,Romance
459,12,4,Comedy
458,41,1,Horror
510,96,1,Drama
106,52,4,Horror
37,72,5,Romance
1,12,5,Comedy
987,80,3,Adventure
912,66,5,Horror
212,84,4,Drama
974,44,3,Comedy
846,7,2,Comedy
865,59,3,Horror
574,99,5,Comedy
615,61,3,Drama
734,58,1,Sci-Fi
100,98,2,Adventure
3,44,3,Comedy
850,82,3,Drama
561,67,3,Sci-Fi
719,14,1,Sci-Fi
919,22,4,Drama
144,92,4,Documentary
110,33,5,Romance
201,25,1,Horror
953,51,2,Adventure
469,25,3,Horror
111,97,4,Drama
48,82,5,Drama
127,99,4,Comedy
469,85,5,Sci-Fi
980,65,2,Adventure
987,64,1,Documentary
544,95,1,Comedy
567,56,5,Romance
495,66,2,Horror
709,75,2,Comedy
749,17,1,Adventure
397,85,5,Sci-Fi
621,42,5,Romance
903,50,4,Comedy
624,89,2,Romance
281,51,3,Adventure
994,38,4,Comedy
825,18,2,Sci-Fi
423,78,5,Sci-Fi
307,90,5,Sci-Fi
882,41,5,Horror
648,28,2,Romance
215,80,3,Adventure
704,45,2,Action
728,84,2,Drama
516,70,3,Sci-Fi
728,15,3,Action
576,62,5,Sci-Fi
585,86,4,Horror
691,96,5,Drama
293,55,1,Drama
536,14,1,Sci-Fi
391,19,1,Documentary
687,8,2,Comedy
274,97,2,Drama
294,88,3,Adventure
150,8,3,Comedy
209,97,5,Drama
34,46,4,Sci-Fi
105,79,5,Documentary
886,29,5,Comedy
399,31,5,Adventure
804,90,3,Sci-Fi
710,86,1,Horror
949,49,4,Sci-Fi
427,88,3,Adventure
990,71,1,Action
14,96,3,Drama
208,80,4,Adventure
850,29,3,Comedy
774,76,5,Sci-Fi
757,78,2,Sci-Fi
795,93,2,Comedy
302,58,2,Sci-Fi
700,10,2,Action
986,23,5,Adventure
123,49,1,Sci-Fi
439,36,5,Action
271,17,2,Adventure
599,33,1,Romance
339,60,2,Comedy
41,20,3,Horror
612,7,5,Comedy
864,85,3,Sci-Fi
503,74,5,Horror
367,10,3,Action
539,29,2,Comedy
534,9,5,Adventure
164,54,5,Romance
550,52,1,Horror
358,29,2,Comedy
680,43,3,Sci-Fi
370,38,2,Comedy
974,97,5,Drama
544,61,5,Drama
844,97,1,Drama
118,86,3,Horror
457,31,5,Adventure
941,80,2,Adventure
982,6,3,Drama
391,15,4,Action
263,70,3,Sci-Fi
26,67,3,Sci-Fi
527,66,4,Horror
499,6,3,Drama
920,84,2,Drama
329,66,1,Horror
971,13,2,Sci-Fi
995,99,5,Comedy
547,1,1,Comedy
216,86,2,Horror
886,88,4,Adventure
856,14,2,Sci-Fi
551,90,4,Sci-Fi
663,10,2,Action
25,59,3,Horror
39,12,1,Comedy
56,23,3,Adventure
572,10,5,Action
842,30,3,Comedy
418,50,4,Comedy
646,52,4,Horror
324,3,4,Horror
690,16,5,Sci-Fi
7,83,5,Horror
65,97,5,Drama
47,90,1,Sci-Fi
367,65,1,Adventure
297,88,3,Adventure
622,12,3,Comedy
784,57,4,Romance
405,85,1,Sci-Fi
486,21,5,Action
226,18,4,Sci-Fi
816,70,3,Sci-Fi
984,82,2,Drama
306,87,3,Adventure
981,2,5,Action
896,72,2,Romance
127,6,1,Drama
587,77,4,Romance
551,71,1,Action
313,27,3,Sci-Fi
217,53,5,Documentary
146,21,2,Action
227,79,3,Documentary
199,15,2,Action
688,73,1,Adventure
872,97,5,Drama
473,83,5,Horror
75,38,1,Comedy
257,13,2,Sci-Fi
744,75,4,Comedy
975,43,3,Sci-Fi
132,86,2,Horror
103,37,5,Documentary
72,25,3,Horror
498,58,3,Sci-Fi
632,85,3,Sci-Fi
711,75,2,Comedy
580,73,3,Adventure
828,41,4,Horror
173,1,3,Comedy
253,29,4,Comedy
284,47,2,Horror
696,94,3,Action
899,62,4,Sci-Fi
457,46,3,Sci-Fi
499,71,1,Action
180,83,5,Horror
84,36,2,Action
913,69,2,Action
270,94,1,Action
745,10,1,Action
870,65,1,Adventure
833,75,5,Comedy
415,99,5,Comedy
218,5,5,Sci-Fi
267,70,5,Sci-Fi
484,84,2,Drama
375,51,2,Adventure
913,99,5,Comedy
751,38,2,Comedy
476,65,5,Adventure
93,51,3,Adventure
515,2,2,Action
869,79,2,Documentary
776,66,2,Horror
457,21,2,Action
580,73,2,Adventure
754,94,4,Action
962,46,1,Sci-Fi
225,98,4,Adventure
238,9,3,Adventure
379,30,1,Comedy
685,27,5,Sci-Fi
930,47,4,Horror
481,59,1,Horror
41,84,3,Drama
106,91,5,Drama
649,36,3,Action
593,70,5,Sci-Fi
179,49,4,Sci-Fi
375,76,1,Sci-Fi
530,33,4,Romance
997,29,5,Comedy
416,46,3,Sci-Fi
499,62,5,Sci-Fi
7,65,2,Adventure
451,22,2,Drama
79,66,3,Horror
217,20,2,Horror
162,47,5,Horror
735,16,2,Sci-Fi
425,43,1,Sci-Fi
494,87,4,Adventure
491,27,5,Sci-Fi
166,83,4,Horror
23,32,1,Comedy
131,74,5,Horror
165,18,5,Sci-Fi
41,74,2,Horror
58,22,3,Drama
945,24,5,Romance
982,52,5,Horror
993,73,1,Adventure
900,93,3,Comedy
970,11,2,Action
460,78,4,Sci-Fi
889,62,2,Sci-Fi
225,53,5,Documentary
147,75,2,Comedy
639,85,5,Sci-Fi
271,22,3,Drama
945,59,5,Horror
605,9,2,Adventure
388,50,2,Comedy
112,3,2,Horror
536,65,4,Adventure
847,20,5,Horror
99,23,4,Adventure
924,79,5,Documentary
40,69,5,Action
771,16,1,Sci-Fi
494,85,2,Sci-Fi
924,78,5,Sci-Fi
848,1,4,Comedy
535,54,3,Romance
896,6,5,Drama
440,30,4,Comedy
809,99,4,Comedy
359,76,5,Sci-Fi
101,55,2,Drama
261,62,2,Sci-Fi
932,11,3,Action
613,70,4,Sci-Fi
264,25,1,Horror
727,96,1,Drama
592,67,1,Sci-Fi
533,1,4,Comedy
671,27,3,Sci-Fi
419,47,1,Horror
159,55,5,Drama
260,34,5,Romance
434,73,3,Adventure
627,36,4,Action
774,27,4,Sci-Fi
566,72,4,Romance
184,48,5,Comedy
569,62,3,Sci-Fi
315,74,3,Horror
793,91,4,Drama
754,18,1,Sci-Fi
766,30,4,Comedy
802,90,2,Sci-Fi
103,28,5,Romance
411,44,5,Comedy
629,90,1,Sci-Fi
165,50,1,Comedy
824,12,2,Comedy
483,77,4,Romance
91,9,3,Adventure
228,48,1,Comedy
624,5,4,Sci-Fi
954,52,5,Horror
672,67,3,Sci-Fi
729,77,1,Romance
969,100,2,Adventure
656,64,4,Documentary
11,26,5,Drama
293,25,1,Horror
803,77,5,Romance
529,90,2,Sci-Fi
630,22,1,Drama
369,31,1,Adventure
1000,21,1,Action
283,100,4,Adventure
362,86,4,Horror
416,76,2,Sci-Fi
531,2,1,Action
942,12,5,Comedy
292,93,5,Comedy
937,75,3,Comedy
356,36,2,Action
621,25,4,Horror
953,52,5,Horror
5,34,2,Romance
417,65,1,Adventure
573,10,5,Action
302,44,1,Comedy
823,66,3,Horror
898,69,5,Action
257,89,4,Romance
990,49,5,Sci-Fi
496,99,2,Comedy
776,44,4,Comedy
698,59,5,Horror
883,4,4,Sci-Fi
120,34,1,Romance
392,82,2,Drama
694,90,2,Sci-Fi
820,41,4,Horror
979,46,5,Sci-Fi
549,2,3,Action
255,37,1,Documentary
409,87,3,Adventure
78,71,2,Action
488,41,3,Horror
224,74,3,Horror
188,96,2,Drama
511,95,2,Comedy
241,95,2,Comedy
894,34,2,Romance
235,26,2,Drama
857,80,3,Adventure
160,100,1,Adventure
123,11,4,Action
629,1,5,Comedy
981,6,4,Drama
381,80,3,Adventure
505,74,3,Horror
503,24,5,Romance
287,51,2,Adventure
769,74,2,Horror
56,68,4,Romance
490,70,1,Sci-Fi
515,45,4,Action
882,88,2,Adventure
469,16,5,Sci-Fi
472,41,1,Horror
13,87,2,Adventure
389,75,1,Comedy
334,47,5,Horror
883,34,2,Romance
562,34,2,Romance
276,61,5,Drama
352,47,2,Horror
511,55,2,Drama
430,90,3,Sci-Fi
374,52,3,Horror
462,24,5,Romance
135,74,2,Horror
834,13,3,Sci-Fi
824,31,5,Adventure
443,49,2,Sci-Fi
150,95,2,Comedy
485,2,2,Action
432,64,2,Documentary
915,81,5,Documentary
547,93,3,Comedy
805,63,3,Drama
257,72,5,Romance
49,51,1,Adventure
708,21,1,Action
221,33,4,Romance
860,81,1,Documentary
461,96,3,Drama
267,47,3,Horror
574,72,3,Romance
353,3,4,Horror
125,45,5,Action
204,74,5,Horror
666,84,5,Drama
179,100,3,Adventure
364,42,5,Romance
500,100,4,Adventure
911,11,4,Action
629,37,4,Documentary
647,19,2,Documentary
656,44,4,Comedy
647,79,5,Documentary
415,10,1,Action
166,44,2,Comedy
322,41,3,Horror
728,35,5,Horror
661,51,3,Adventure
909,57,3,Romance
766,76,5,Sci-Fi
989,58,4,Sci-Fi
172,24,1,Romance
129,94,2,Action
678,33,1,Romance
216,22,4,Drama
106,13,1,Sci-Fi
960,61,5,Drama
56,4,4,Sci-Fi
537,98,1,Adventure
107,34,5,Romance
160,11,4,Action
317,30,2,Comedy
756,37,4,Documentary
642,17,2,Adventure
540,22,1,Drama
36,85,3,Sci-Fi
882,42,4,Romance
479,70,3,Sci-Fi
562,57,2,Romance
993,90,5,Sci-Fi
182,76,5,Sci-Fi
468,81,5,Documentary
446,68,5,Romance
318,45,4,Action
553,30,1,Comedy
453,40,3,Comedy
423,34,2,Romance
311,2,1,Action
536,98,2,Adventure
353,37,4,Documentary
548,2,4,Action
970,97,4,Drama
307,2,4,Action
818,38,5,Comedy
237,1,5,Comedy
383,25,4,Horror
904,72,4,Romance
405,32,2,Comedy
733,95,4,Comedy
849,49,2,Sci-Fi
270,11,4,Action
641,31,5,Adventure
783,79,3,Documentary
292,84,5,Drama
829,35,4,Horror
193,9,2,Adventure
140,38,1,Comedy
653,59,5,Horror
464,35,5,Horror
504,25,3,Horror
20,20,1,Horror
993,69,1,Action
191,14,3,Sci-Fi
276,17,4,Adventure
745,2,2,Action
93,20,1,Horror
506,28,3,Romance
431,40,4,Comedy
381,60,1,Comedy
339,11,2,Action
58,35,4,Horror
74,70,4,Sci-Fi
186,25,3,Horror
837,49,1,Sci-Fi
125,99,2,Comedy
395,99,4,Comedy
254,95,1,Comedy
204,59,1,Horror
534,86,2,Horror
485,50,3,Comedy
959,42,2,Romance
645,94,1,Action
763,71,5,Action
126,33,4,Romance
654,39,2,Adventure
370,7,2,Comedy
997,15,2,Action
649,56,3,Romance
16,22,3,Drama
599,16,4,Sci-Fi
809,32,1,Comedy
993,6,5,Drama
803,89,4,Romance
705,77,2,Romance
381,99,1,Comedy
255,21,4,Action
94,88,5,Adventure
347,98,1,Adventure
62,46,2,Sci-Fi
719,69,1,Action
129,63,2,Drama
325,72,3,Romance
825,57,2,Romance
22,89,4,Romance
367,93,2,Comedy
257,6,4,Drama
724,57,5,Romance
302,70,4,Sci-Fi
195,73,2,Adventure
557,45,3,Action
750,60,3,Comedy
889,77,5,Romance
165,9,5,Adventure
159,58,3,Sci-Fi
840,34,5,Romance
376,59,1,Horror
795,82,5,Drama
389,94,2,Action
905,3,5,Horror
878,47,5,Horror
245,42,1,Romance
675,69,4,Action
195,68,4,Romance
785,71,2,Action
628,37,3,Documentary
420,83,3,Horror
114,13,5,Sci-Fi
675,9,1,Adventure
856,17,2,Adventure
895,5,2,Sci-Fi
110,63,2,Drama
102,5,5,Sci-Fi
658,50,4,Comedy
539,80,5,Adventure
263,7,3,Comedy
227,78,1,Sci-Fi
14,27,4,Sci-Fi
951,11,4,Action
821,82,1,Drama
370,72,4,Romance
842,48,1,Comedy
844,79,3,Documentary
542,6,1,Drama
855,39,1,Adventure
968,28,5,Romance
100,13,2,Sci-Fi
545,50,2,Comedy
198,68,2,Romance
584,81,2,Documentary
572,96,5,Drama
426,96,1,Drama
785,82,5,Drama
367,87,4,Adventure
720,86,4,Horror
905,14,2,Sci-Fi
812,24,5,Romance
412,65,3,Adventure
674,21,5,Action
615,57,3,Romance
925,41,5,Horror
333,48,4,Comedy
783,82,4,Drama
846,93,3,Comedy
624,31,5,Adventure
559,28,4,Romance
785,71,3,Action
369,58,4,Sci-Fi
983,51,1,Adventure
744,5,3,Sci-Fi
611,3,5,Horror
139,39,1,Adventure
308,29,2,Comedy
877,41,1,Horror
791,89,3,Romance
942,71,5,Action
570,74,5,Horror
159,13,1,Sci-Fi
472,46,2,Sci-Fi
142,34,3,Romance
911,75,2,Comedy
239,33,3,Romance
95,74,4,Horror
583,28,1,Romance
741,42,4,Romance
178,63,5,Drama
840,13,5,Sci-Fi
658,39,1,Adventure
749,74,4,Horror
81,100,1,Adventure
944,99,3,Comedy
357,56,4,Romance
953,16,2,Sci-Fi
766,84,5,Drama
951,2,4,Action
56,40,5,Comedy
43,41,5,Horror
579,20,3,Horror
515,90,2,Sci-Fi
157,7,4,Comedy
995,58,5,Sci-Fi
590,65,1,Adventure
228,56,3,Romance
806,51,2,Adventure
136,44,1,Comedy
488,74,1,Horror
562,52,3,Horror
88,52,5,Horror
445,100,2,Adventure
781,18,4,Sci-Fi
573,26,4,Drama
405,84,5,Drama
201,72,5,Romance
754,68,2,Romance
249,10,3,Action
796,56,3,Romance
702,74,1,Horror
116,86,4,Horror
434,47,3,Horror
196,42,3,Romance
609,84,1,Drama
789,40,2,Comedy
359,79,4,Documentary
639,19,4,Documentary
46,30,2,Comedy
702,48,2,Comedy
776,94,1,Action
116,95,1,Comedy
249,80,2,Adventure
890,37,1,Documentary
352,89,1,Romance
313,58,4,Sci-Fi
24,43,2,Sci-Fi
758,69,2,Action
209,70,5,Sci-Fi
769,34,5,Romance
495,80,2,Adventure
712,90,1,Sci-Fi
386,75,5,Comedy
45,33,2,Romance
62,37,2,Documentary
809,90,5,Sci-Fi
278,7,4,Comedy
671,2,1,Action
398,85,3,Sci-Fi
679,85,3,Sci-Fi
886,14,1,Sci-Fi
300,84,4,Drama
237,49,5,Sci-Fi
727,13,3,Sci-Fi
497,77,5,Romance
91,24,2,Romance
513,59,5,Horror
949,92,1,Documentary
41,32,5,Comedy
313,43,4,Sci-Fi
403,96,2,Drama
19,45,3,Action
364,81,3,Documentary
242,65,3,Adventure
832,8,3,Comedy
900,50,1,Comedy
967,72,3,Romance
231,20,3,Horror
919,51,2,Adventure
90,94,4,Action
534,87,5,Adventure
894,81,2,Documentary
428,31,5,Adventure
157,55,3,Drama
932,78,3,Sci-Fi
460,70,2,Sci-Fi
212,84,2,Drama
595,70,2,Sci-Fi
884,18,3,Sci-Fi
706,91,5,Drama
932,18,4,Sci-Fi
931,99,2,Comedy
672,73,2,Adventure
326,9,5,Adventure
546,93,1,Comedy
189,41,2,Horror
745,4,3,Sci-Fi
902,53,4,Documentary
311,57,3,Romance
156,100,2,Adventure
110,17,2,Adventure
27,98,5,Adventure
632,35,5,Horror
581,79,2,Documentary
611,30,2,Comedy
704,4,3,Sci-Fi
82,89,4,Romance
138,65,5,Adventure
481,92,3,Documentary
189,50,4,Comedy
486,18,2,Sci-Fi
198,29,1,Comedy
419,98,1,Adventure
948,35,4,Horror
228,96,2,Drama
776,27,1,Sci-Fi
182,57,5,Romance
502,89,3,Romance
888,59,2,Horror
438,52,1,Horror
623,95,4,Comedy
738,41,4,Horror
627,96,5,Drama
609,69,5,Action
657,91,1,Drama
534,14,4,Sci-Fi
468,6,2,Drama
532,69,4,Action
753,6,5,Drama
397,67,1,Sci-Fi
195,38,4,Comedy
408,39,3,Adventure
473,22,4,Drama
302,79,1,Documentary
707,67,2,Sci-Fi
475,83,4,Horror
93,93,5,Comedy
116,24,5,Romance
961,90,5,Sci-Fi
139,51,4,Adventure
332,58,1,Sci-Fi
184,59,5,Horror
919,92,2,Documentary
904,59,1,Horror
257,42,2,Romance
736,94,1,Action
94,15,4,Action
650,47,1,Horror
537,91,4,Drama
745,66,5,Horror
973,21,4,Action
564,49,1,Sci-Fi
787,22,3,Drama
580,85,2,Sci-Fi
167,19,2,Documentary
788,92,1,Documentary
430,40,3,Comedy
748,99,4,Comedy
296,81,2,Documentary
121,17,2,Adventure
4,80,3,Adventure
13,59,4,Horror
876,64,5,Documentary
827,1,5,Comedy
904,64,2,Documentary
223,76,4,Sci-Fi
465,53,4,Documentary
82,77,5,Romance
7,32,5,Comedy
285,80,5,Adventure
840,27,1,Sci-Fi
190,19,1,Documentary
669,45,1,Action
149,5,5,Sci-Fi
859,78,3,Sci-Fi
340,12,1,Comedy
112,54,2,Romance
166,87,3,Adventure
626,85,5,Sci-Fi
587,72,2,Romance
990,59,5,Horror
369,5,1,Sci-Fi
787,39,3,Adventure
378,49,1,Sci-Fi
777,55,5,Drama
67,38,4,Comedy
138,16,3,Sci-Fi
338,68,4,Romance
538,27,2,Sci-Fi
627,8,1,Comedy
586,94,5,Action
90,62,5,Sci-Fi
957,91,3,Drama
438,78,3,Sci-Fi
266,68,5,Romance
639,46,2,Sci-Fi
630,73,4,Adventure
533,94,4,Action
505,24,5,Romance
239,91,3,Drama
199,1,1,Comedy
25,60,1,Comedy
756,27,5,Sci-Fi
425,53,1,Documentary
342,45,5,Action
826,82,2,Drama
12,82,2,Drama
707,37,3,Documentary
810,9,3,Adventure
308,65,5,Adventure
332,99,1,Comedy
117,88,3,Adventure
350,51,5,Adventure
631,4,2,Sci-Fi
199,43,3,Sci-Fi
945,87,4,Adventure
939,61,1,Drama
662,18,4,Sci-Fi
160,81,4,Documentary
914,69,3,Action
474,53,1,Documentary
856,67,3,Sci-Fi
579,93,3,Comedy
569,69,1,Action
214,74,3,Horror
819,46,1,Sci-Fi
993,20,3,Horror
861,4,3,Sci-Fi
385,81,5,Documentary
863,22,5,Drama
621,50,2,Comedy
610,15,3,Action
723,41,1,Horror
279,53,1,Documentary
509,31,3,Adventure
463,39,2,Adventure
538,39,2,Adventure
115,48,1,Comedy
797,26,1,Drama
455,65,1,Adventure
819,62,5,Sci-Fi
158,25,3,Horror
946,62,5,Sci-Fi
318,100,3,Adventure
147,99,1,Comedy
842,67,2,Sci-Fi
211,93,1,Comedy
471,50,5,Comedy
119,1,3,Comedy
955,6,5,Drama
893,12,3,Comedy
479,6,1,Drama
534,99,3,Comedy
24,74,3,Horror
655,27,3,Sci-Fi
206,25,3,Horror
284,69,3,Action
792,57,1,Romance
280,20,2,Horror
281,15,1,Action
982,80,5,Adventure
527,14,2,Sci-Fi
556,45,5,Action
327,35,2,Horror
966,91,3,Drama
588,32,2,Comedy
73,40,5,Comedy
914,44,5,Comedy
455,7,2,Comedy
30,61,1,Drama
109,50,1,Comedy
89,55,4,Drama
184,91,5,Drama
913,76,4,Sci-Fi
632,46,3,Sci-Fi
341,26,5,Drama
81,97,4,Drama
582,17,1,Adventure
833,90,4,Sci-Fi
100,59,3,Horror
701,83,4,Horror
482,30,2,Comedy
148,79,3,Documentary
935,47,4,Horror
188,90,3,Sci-Fi
808,42,4,Romance
500,4,1,Sci-Fi
487,15,3,Action
491,60,2,Comedy
290,99,3,Comedy
619,74,2,Horror
521,14,4,Sci-Fi
838,92,1,Documentary
334,72,1,Romance
812,39,5,Adventure
473,52,5,Horror
424,31,5,Adventure
250,71,2,Action
998,62,4,Sci-Fi
68,44,2,Comedy
834,89,5,Romance
442,56,5,Romance
807,44,5,Comedy
711,31,2,Adventure
679,86,1,Horror
758,92,5,Documentary
857,63,1,Drama
607,77,4,Romance
334,72,1,Romance
842,57,2,Romance
316,52,1,Horror
613,14,5,Sci-Fi
790,49,3,Sci-Fi
507,83,1,Horror
93,28,2,Romance
909,75,1,Comedy
776,19,2,Documentary
464,69,3,Action
400,79,5,Documentary
458,26,2,Drama
698,41,3,Horror
584,87,3,Adventure
941,56,3,Romance
92,75,1,Comedy
627,66,4,Horror
868,17,3,Adventure
64,48,5,Comedy
992,7,1,Comedy
721,72,3,Romance
113,37,1,Documentary
241,56,5,Romance
404,81,3,Documentary
729,49,4,Sci-Fi
391,56,5,Romance
217,85,2,Sci-Fi
487,18,2,Sci-Fi
569,50,3,Comedy
861,54,2,Romance
296,86,2,Horror
138,2,1,Action
664,3,2,Horror
739,63,4,Drama
999,18,1,Sci-Fi
141,83,4,Horror
881,59,5,Horror
953,55,5,Drama
185,59,5,Horror
435,71,4,Action
394,46,2,Sci-Fi
191,55,5,Drama
8,74,4,Horror
868,94,2,Action
730,65,3,Adventure
421,70,5,Sci-Fi
376,5,1,Sci-Fi
582,62,3,Sci-Fi
116,75,4,Comedy
985,89,1,Romance
146,94,5,Action
880,97,3,Drama
477,67,1,Sci-Fi
536,79,1,Documentary
252,61,1,Drama
701,82,5,Drama
818,75,3,Comedy
628,7,3,Comedy
548,100,1,Adventure
481,59,5,Horror
928,61,5,Drama
752,43,4,Sci-Fi
362,38,3,Comedy
172,5,5,Sci-Fi
768,39,5,Adventure
267,8,4,Comedy
593,22,5,Drama
53,85,3,Sci-Fi
829,95,5,Comedy
28,37,4,Documentary
85,17,5,Adventure
79,36,3,Action
136,79,3,Documentary
282,33,1,Romance
760,15,5,Action
179,76,2,Sci-Fi
675,58,3,Sci-Fi
828,23,3,Adventure
802,90,2,Sci-Fi
497,24,5,Romance
883,5,3,Sci-Fi
87,19,5,Documentary
957,20,4,Horror
771,53,4,Documentary
244,85,4,Sci-Fi
744,82,2,Drama
216,74,3,Horror
56,83,3,Horror
774,15,1,Action
172,60,4,Comedy
488,39,4,Adventure
765,97,5,Drama
240,49,4,Sci-Fi
486,34,2,Romance
544,56,1,Romance
296,58,4,Sci-Fi
695,41,5,Horror
700,6,1,Drama
940,69,3,Action
980,56,5,Romance
941,84,3,Drama
344,35,3,Horror
822,13,3,Sci-Fi
671,75,4,Comedy
473,99,2,Comedy
752,87,5,Adventure
789,25,5,Horror
346,87,2,Adventure
321,71,1,Action
689,2,1,Action
13,53,1,Documentary
538,14,4,Sci-Fi
360,29,3,Comedy
258,25,1,Horror
25,80,1,Adventure
59,77,2,Romance
974,77,1,Romance
726,16,1,Sci-Fi
877,78,2,Sci-Fi
385,85,5,Sci-Fi
823,24,1,Romance
713,24,3,Romance
302,60,1,Comedy
655,59,3,Horror
788,55,3,Drama
264,21,1,Action
284,100,1,Adventure
392,50,3,Comedy
62,34,3,Romance
183,57,1,Romance
504,26,5,Drama
403,23,4,Adventure
112,19,5,Documentary
788,56,2,Romance
629,83,1,Horror
935,57,3,Romance
106,5,1,Sci-Fi
73,74,3,Horror
796,58,1,Sci-Fi
919,64,2,Documentary
669,82,1,Drama
956,5,4,Sci-Fi
273,20,3,Horror
927,51,5,Adventure
4,66,4,Horror
490,56,4,Romance
865,94,1,Action
554,29,1,Comedy
394,89,4,Romance
125,73,5,Adventure
958,46,3,Sci-Fi
699,39,4,Adventure
57,81,1,Documentary
375,69,3,Action
83,59,3,Horror
664,26,2,Drama
568,6,4,Drama
677,25,3,Horror
713,50,1,Comedy
646,89,3,Romance
499,11,4,Action
753,25,2,Horror
37,25,1,Horror
738,76,2,Sci-Fi
501,50,1,Comedy
812,70,3,Sci-Fi
512,69,4,Action
990,3,1,Horror
348,8,3,Comedy
807,93,1,Comedy
416,16,2,Sci-Fi
827,84,5,Drama
470,87,5,Adventure
153,95,5,Comedy
239,10,1,Action
754,19,4,Documentary
670,3,4,Horror
929,80,1,Adventure
249,90,2,Sci-Fi
15,23,1,Adventure
927,40,1,Comedy
468,79,2,Documentary
856,76,1,Sci-Fi
838,14,1,Sci-Fi
510,77,5,Romance
226,9,2,Adventure
437,44,4,Comedy
333,16,5,Sci-Fi
559,18,3,Sci-Fi
857,28,1,Romance
608,23,3,Adventure
65,16,3,Sci-Fi
145,97,4,Drama
173,90,3,Sci-Fi
567,22,4,Drama
250,75,1,Comedy
137,13,5,Sci-Fi
386,100,2,Adventure
17,63,1,Drama
7,1,2,Comedy
949,12,5,Comedy
909,37,4,Documentary
711,99,4,Comedy
709,17,2,Adventure
147,82,3,Drama
536,58,4,Sci-Fi
245,23,5,Adventure
709,5,5,Sci-Fi
185,92,4,Documentary
627,12,3,Comedy
357,54,1,Romance
572,31,2,Adventure
121,68,1,Romance
634,47,5,Horror
520,29,4,Comedy
789,81,2,Documentary
284,7,2,Comedy
116,20,4,Horror
510,23,2,Adventure
687,6,1,Drama
661,47,3,Horror
215,56,3,Romance
343,79,4,Documentary
45,14,1,Sci-Fi
948,69,2,Action
162,4,4,Sci-Fi
528,15,1,Action
917,31,4,Adventure
607,75,3,Comedy
430,26,3,Drama
236,100,1,Adventure
334,30,1,Comedy
243,95,4,Comedy
891,26,4,Drama
913,29,1,Comedy
483,75,4,Comedy
56,56,2,Romance
222,79,4,Documentary
183,50,3,Comedy
140,59,2,Horror
648,46,3,Sci-Fi
208,43,2,Sci-Fi
33,89,5,Romance
62,36,2,Action
114,60,4,Comedy
429,22,3,Drama
226,38,5,Comedy
161,82,5,Drama
928,22,5,Drama
994,71,2,Action
89,53,5,Documentary
501,28,5,Romance
485,60,3,Comedy
15,94,4,Action
754,32,2,Comedy
336,56,5,Romance
228,76,2,Sci-Fi
936,74,1,Horror
428,6,1,Drama
482,94,5,Action
35,55,5,Drama
404,62,1,Sci-Fi
464,64,2,Documentary
86,72,1,Romance
710,94,4,Action
973,28,2,Romance
368,38,2,Comedy
664,12,1,Comedy
492,86,3,Horror
166,91,4,Drama
879,74,5,Horror
25,59,4,Horror
791,18,4,Sci-Fi
190,48,4,Comedy
721,82,1,Drama
882,81,1,Documentary
395,89,3,Romance
544,5,3,Sci-Fi
437,97,3,Drama
715,79,5,Documentary
590,27,1,Sci-Fi
636,43,1,Sci-Fi
528,87,3,Adventure
910,7,1,Comedy
393,47,4,Horror
634,6,3,Drama
376,23,5,Adventure
722,9,5,Adventure
727,100,2,Adventure
142,43,2,Sci-Fi
553,15,4,Action
756,97,5,Drama
893,90,2,Sci-Fi
772,96,2,Drama
329,46,3,Sci-Fi
516,88,4,Adventure
284,7,1,Comedy
382,45,4,Action
498,65,5,Adventure
850,16,4,Sci-Fi
727,69,5,Action
922,38,4,Comedy
636,48,1,Comedy
193,59,1,Horror
83,51,2,Adventure
296,10,1,Action
169,36,1,Action
714,19,4,Documentary
155,27,5,Sci-Fi
975,81,1,Documentary
301,54,5,Romance
955,17,4,Adventure
356,54,4,Romance
756,83,1,Horror
299,25,1,Horror
23,30,5,Comedy
661,43,4,Sci-Fi
593,44,3,Comedy
498,76,5,Sci-Fi
863,71,4,Action
469,39,5,Adventure
136,40,2,Comedy
809,34,2,Romance
496,48,3,Comedy
789,7,2,Comedy
362,37,4,Documentary
980,22,5,Drama
947,21,5,Action
293,24,2,Romance
860,91,2,Drama
166,31,1,Adventure
43,41,5,Horror
130,57,3,Romance
379,24,2,Romance
576,91,1,Drama
682,41,3,Horror
152,48,4,Comedy
553,21,5,Action
309,16,1,Sci-Fi
415,64,2,Documentary
971,59,3,Horror
160,1,5,Comedy
1000,65,3,Adventure
663,91,3,Drama
486,38,5,Comedy
683,19,5,Documentary
747,57,3,Romance
706,15,4,Action
922,6,2,Drama
695,71,1,Action
316,4,4,Sci-Fi
633,29,4,Comedy
366,12,3,Comedy
57,78,2,Sci-Fi
598,68,2,Romance
801,99,3,Comedy
201,3,1,Horror
552,58,1,Sci-Fi
1000,66,4,Horror
200,63,3,Drama
618,78,5,Sci-Fi
967,8,3,Comedy
408,19,4,Documentary
379,50,3,Comedy
13,37,3,Documentary
360,40,4,Comedy
896,72,1,Romance
221,94,4,Action
760,54,4,Romance
296,21,4,Action
747,54,2,Romance
856,76,5,Sci-Fi
89,19,2,Documentary
311,61,5,Drama
344,9,5,Adventure
775,49,1,Sci-Fi
7,53,3,Documentary
425,23,5,Adventure
474,91,5,Drama
774,18,2,Sci-Fi
191,49,3,Sci-Fi
568,63,1,Drama
843,39,5,Adventure
312,64,5,Documentary
758,60,2,Comedy
28,1,2,Comedy
269,39,4,Adventure
128,84,3,Drama
428,23,4,Adventure
929,89,2,Romance
30,16,3,Sci-Fi
505,9,5,Adventure
764,47,5,Horror
493,73,4,Adventure
890,34,4,Romance
998,89,1,Romance
383,66,5,Horror
18,34,2,Romance
596,8,2,Comedy
328,60,2,Comedy
366,21,1,Action
280,47,4,Horror
652,46,1,Sci-Fi
297,38,5,Comedy
655,10,5,Action
199,99,2,Comedy
784,13,5,Sci-Fi
771,22,5,Drama
331,41,3,Horror
278,88,3,Adventure
99,69,5,Action
361,19,1,Documentary
141,67,3,Sci-Fi
382,100,4,Adventure
422,44,2,Comedy
105,28,2,Romance
516,29,2,Comedy
815,72,5,Romance
707,68,5,Romance
730,71,1,Action
428,59,1,Horror
120,17,1,Adventure
492,45,3,Action
708,47,2,Horror
837,57,5,Romance
536,98,3,Adventure
177,91,3,Drama
30,96,1,Drama
228,17,2,Adventure
705,30,3,Comedy
129,27,2,Sci-Fi
81,55,1,Drama
80,3,4,Horror
776,56,1,Romance
202,14,1,Sci-Fi
813,85,5,Sci-Fi
608,8,4,Comedy
122,33,1,Romance
68,39,1,Adventure
773,13,1,Sci-Fi
943,78,2,Sci-Fi
602,26,2,Drama
687,45,1,Action
93,19,3,Documentary
972,75,3,Comedy
361,21,5,Action
800,94,5,Action
248,65,5,Adventure
70,13,5,Sci-Fi
782,2,5,Action
223,92,2,Documentary
988,37,2,Documentary
924,97,5,Drama
5,93,1,Comedy
947,28,5,Romance
872,91,4,Drama
376,90,5,Sci-Fi
190,57,1,Romance
186,46,4,Sci-Fi
435,28,5,Romance
234,53,1,Documentary
780,41,1,Horror
478,15,5,Action
140,64,3,Documentary
722,37,5,Documentary
740,6,1,Drama
336,64,1,Documentary
395,37,4,Documentary
615,95,3,Comedy
704,57,2,Romance
568,53,3,Documentary
876,55,2,Drama
878,9,4,Adventure
962,87,3,Adventure
184,2,4,Action
689,14,4,Sci-Fi
449,67,1,Sci-Fi
123,19,4,Documentary
411,89,5,Romance
105,95,2,Comedy
67,47,2,Horror
347,26,5,Drama
865,52,1,Horror
239,55,4,Drama
286,98,5,Adventure
608,35,4,Horror
365,61,5,Drama
973,52,4,Horror
524,36,2,Action
787,59,1,Horror
126,33,4,Romance
510,30,2,Comedy
31,13,1,Sci-Fi
851,9,4,Adventure
695,4,2,Sci-Fi
392,78,3,Sci-Fi
157,39,5,Adventure
639,13,1,Sci-Fi
677,97,5,Drama
786,64,4,Documentary
207,38,4,Comedy
503,65,3,Adventure
556,44,5,Comedy
560,3,1,Horror
441,16,4,Sci-Fi
461,41,4,Horror
454,59,1,Horror
34,23,5,Adventure
676,100,3,Adventure
906,91,2,Drama
504,56,2,Romance
320,92,4,Documentary
500,98,1,Adventure
583,87,4,Adventure
676,71,5,Action
586,61,4,Drama
576,21,5,Action
58,51,3,Adventure
507,76,4,Sci-Fi
632,87,3,Adventure
785,37,3,Documentary
63,4,5,Sci-Fi
47,17,3,Adventure
358,95,5,Comedy
28,98,3,Adventure
390,13,4,Sci-Fi
354,46,4,Sci-Fi
360,8,2,Comedy
254,31,3,Adventure
607,11,1,Action
890,40,1,Comedy
346,22,1,Drama
552,42,1,Romance
472,85,4,Sci-Fi
582,66,4,Horror
274,3,4,Horror
603,3,3,Horror
387,74,4,Horror
331,74,1,Horror
828,63,1,Drama
708,87,2,Adventure
345,64,5,Documentary
831,98,3,Adventure
171,79,3,Documentary
373,56,2,Romance
509,82,1,Drama
861,69,2,Action
295,34,1,Romance
305,74,4,Horror
824,29,5,Comedy
761,12,5,Comedy
98,76,3,Sci-Fi
280,9,5,Adventure
821,68,4,Romance
438,27,3,Sci-Fi
815,10,3,Action
517,39,4,Adventure
680,70,3,Sci-Fi
205,54,4,Romance
258,80,5,Adventure
465,86,5,Horror
185,3,5,Horror
884,24,5,Romance
512,28,4,Romance
275,82,5,Drama
829,79,4,Documentary
958,73,1,Adventure
535,26,3,Drama
474,19,2,Documentary
155,96,3,Drama
865,56,4,Romance
327,9,2,Adventure
867,53,3,Documentary
844,37,2,Documentary
263,88,5,Adventure
242,52,2,Horror
117,20,2,Horror
29,32,3,Comedy
476,63,5,Drama
447,55,1,Drama
207,21,3,Action
140,4,3,Sci-Fi
809,36,5,Action
181,83,1,Horror
987,93,4,Comedy
802,3,1,Horror
881,11,3,Action
617,39,1,Adventure
923,53,3,Documentary
688,85,1,Sci-Fi
407,93,2,Comedy
242,15,5,Action
753,65,1,Adventure
535,86,5,Horror
973,100,5,Adventure
258,64,1,Documentary
244,77,1,Romance
792,41,3,Horror
853,75,4,Comedy
826,96,2,Drama
958,55,2,Drama
148,14,2,Sci-Fi
220,36,4,Action
419,33,5,Romance
58,63,5,Drama
384,90,1,Sci-Fi
325,70,4,Sci-Fi
487,88,2,Adventure
987,36,2,Action
372,61,3,Drama
842,40,1,Comedy
661,78,1,Sci-Fi
862,95,1,Comedy
708,86,2,Horror
260,71,4,Action
317,82,3,Drama
925,88,1,Adventure
548,31,4,Adventure
398,2,4,Action
950,33,3,Romance
93,97,2,Drama
305,27,2,Sci-Fi
938,57,3,Romance
901,99,4,Comedy
809,5,3,Sci-Fi
888,11,4,Action
483,95,4,Comedy
949,43,4,Sci-Fi
898,13,2,Sci-Fi
716,34,5,Romance
68,46,4,Sci-Fi
617,94,5,Action
756,42,4,Romance
712,4,1,Sci-Fi
657,83,2,Horror
646,57,2,Romance
4,52,2,Horror
644,40,3,Comedy
590,11,1,Action
162,32,5,Comedy
731,99,2,Comedy
868,77,4,Romance
812,41,4,Horror
490,95,2,Comedy
267,23,5,Adventure
847,42,3,Romance
204,11,4,Action
377,24,4,Romance
898,49,5,Sci-Fi
230,3,1,Horror
946,72,5,Romance
642,30,1,Comedy
998,60,2,Comedy
269,90,2,Sci-Fi
51,52,5,Horror
440,77,3,Romance
153,12,3,Comedy
175,73,1,Adventure
15,92,5,Documentary
446,99,4,Comedy
848,87,4,Adventure
122,29,2,Comedy
196,35,3,Horror
765,64,4,Documentary
134,56,2,Romance
615,28,3,Romance
745,87,2,Adventure
429,24,4,Romance
812,19,1,Documentary
298,34,2,Romance
633,58,2,Sci-Fi
379,75,4,Comedy
88,2,4,Action
137,42,4,Romance
704,28,4,Romance
726,55,5,Drama
263,10,1,Action
571,8,1,Comedy
341,31,4,Adventure
931,46,5,Sci-Fi
962,86,5,Horror
727,96,1,Drama
6,33,5,Romance
635,49,3,Sci-Fi
405,86,3,Horror
136,72,1,Romance
595,23,3,Adventure
174,65,4,Adventure
953,44,4,Comedy
136,12,3,Comedy
728,68,4,Romance
146,34,1,Romance
321,6,2,Drama
512,36,3,Action
949,56,3,Romance
925,34,5,Romance
850,98,3,Adventure
530,41,4,Horror
915,22,3,Drama
755,63,2,Drama
570,85,4,Sci-Fi
55,25,2,Horror
56,30,2,Comedy
37,61,3,Drama
168,91,4,Drama
447,15,4,Action
42,57,3,Romance
727,72,4,Romance
469,64,1,Documentary
867,93,2,Comedy
127,45,1,Action
209,37,2,Documentary
855,22,5,Drama
843,35,5,Horror
913,85,5,Sci-Fi
218,75,1,Comedy
539,99,5,Comedy
185,54,1,Romance
253,99,4,Comedy
694,13,3,Sci-Fi
27,37,1,Documentary
404,48,5,Comedy
952,14,3,Sci-Fi
158,4,1,Sci-Fi
472,91,4,Drama
465,81,3,Documentary
609,85,1,Sci-Fi
338,6,5,Drama
974,58,3,Sci-Fi
971,94,5,Action
133,28,1,Romance
821,83,3,Horror
331,8,1,Comedy
561,78,4,Sci-Fi
95,52,3,Horror
183,31,4,Adventure
92,3,2,Horror
167,50,4,Comedy
292,83,2,Horror
124,39,4,Adventure
821,56,3,Romance
926,88,5,Adventure
135,46,1,Sci-Fi
853,48,5,Comedy
205,63,4,Drama
907,50,4,Comedy
275,73,5,Adventure
434,12,4,Comedy
831,48,5,Comedy
191,56,4,Romance
96,6,5,Drama
350,60,2,Comedy
664,88,2,Adventure
954,64,5,Documentary
645,83,5,Horror
86,38,4,Comedy
448,11,4,Action
308,20,2,Horror
701,39,2,Adventure
536,55,3,Drama
583,7,5,Comedy
79,6,5,Drama
111,66,4,Horror
423,13,4,Sci-Fi
677,93,5,Comedy
833,33,3,Romance
261,75,1,Comedy
788,65,1,Adventure
117,95,4,Comedy
184,24,4,Romance
47,11,4,Action
898,91,3,Drama
322,76,4,Sci-Fi
776,86,4,Horror
639,34,3,Romance
990,24,2,Romance
190,11,5,Action
266,87,1,Adventure
445,69,1,Action
6,51,1,Adventure
14,22,4,Drama
472,89,4,Romance
890,85,5,Sci-Fi
744,63,3,Drama
634,79,3,Documentary
708,87,4,Adventure
824,39,1,Adventure
129,18,1,Sci-Fi
196,15,1,Action
713,25,1,Horror
215,62,2,Sci-Fi
666,31,4,Adventure
863,81,5,Documentary
196,12,3,Comedy
789,60,2,Comedy
486,55,1,Drama
120,22,2,Drama
757,90,4,Sci-Fi
987,63,4,Drama
21,58,5,Sci-Fi
249,26,3,Drama
584,51,1,Adventure
342,2,1,Action
646,92,4,Documentary
426,64,5,Documentary
611,94,5,Action
298,5,4,Sci-Fi
410,63,5,Drama
606,93,5,Comedy
958,87,4,Adventure
238,92,1,Documentary
541,3,4,Horror
591,41,5,Horror
66,35,4,Horror
911,61,1,Drama
507,80,3,Adventure
460,90,4,Sci-Fi
22,21,3,Action
744,25,4,Horror
353,57,2,Romance
520,29,5,Comedy
931,88,3,Adventure
944,78,4,Sci-Fi
135,38,4,Comedy
983,54,3,Romance
816,61,2,Drama
637,27,3,Sci-Fi
708,96,1,Drama
684,62,2,Sci-Fi
178,26,2,Drama
621,63,1,Drama
813,54,4,Romance
311,31,2,Adventure
571,7,1,Comedy
368,34,3,Romance
694,21,2,Action
848,65,1,Adventure
827,9,3,Adventure
441,15,5,Action
233,16,5,Sci-Fi
230,63,3,Drama
349,46,1,Sci-Fi
789,72,3,Romance
918,20,5,Horror
619,86,1,Horror
724,7,4,Comedy
819,59,1,Horror
999,14,5,Sci-Fi
625,14,5,Sci-Fi
43,65,1,Adventure
172,81,1,Documentary
892,27,3,Sci-Fi
161,94,3,Action
726,57,5,Romance
511,94,1,Action
158,83,3,Horror
343,18,1,Sci-Fi
869,26,4,Drama
993,54,1,Romance
252,61,3,Drama
294,65,2,Adventure
88,35,3,Horror
733,97,4,Drama
370,81,2,Documentary
156,97,5,Drama
432,30,2,Comedy
822,55,4,Drama
941,53,4,Documentary
975,67,3,Sci-Fi
967,4,4,Sci-Fi
150,99,1,Comedy
735,67,1,Sci-Fi
87,44,3,Comedy
412,99,2,Comedy
445,8,4,Comedy
778,5,2,Sci-Fi
925,74,1,Horror
647,92,5,Documentary
997,38,4,Comedy
412,88,5,Adventure
895,39,3,Adventure
932,45,1,Action
847,36,5,Action
626,19,4,Documentary
457,83,2,Horror
909,70,5,Sci-Fi
808,80,4,Adventure
715,45,4,Action
795,26,3,Drama
87,5,5,Sci-Fi
343,50,2,Comedy
533,70,3,Sci-Fi
219,12,5,Comedy
566,40,5,Comedy
349,97,2,Drama
24,4,5,Sci-Fi
607,34,2,Romance
853,100,3,Adventure
744,55,5,Drama
114,94,1,Action
862,48,3,Comedy
643,65,3,Adventure
127,7,1,Comedy
460,39,5,Adventure
755,1,4,Comedy
348,31,5,Adventure
580,92,5,Documentary
865,77,2,Romance
359,39,3,Adventure
683,92,5,Documentary
689,18,4,Sci-Fi
533,95,2,Comedy
108,42,5,Romance
597,25,3,Horror
466,13,2,Sci-Fi
729,55,4,Drama
84,12,1,Comedy
436,17,4,Adventure
220,58,1,Sci-Fi
379,87,5,Adventure
413,76,5,Sci-Fi
532,100,4,Adventure
893,34,5,Romance
511,82,4,Drama
451,89,4,Romance
750,54,2,Romance
148,65,2,Adventure
497,92,4,Documentary
133,91,5,Drama
884,68,1,Romance
712,28,4,Romance
485,5,2,Sci-Fi
967,72,3,Romance
944,16,5,Sci-Fi
873,53,1,Documentary
124,48,5,Comedy
297,6,5,Drama
157,16,3,Sci-Fi
313,48,3,Comedy
302,63,1,Drama
811,19,2,Documentary
803,76,4,Sci-Fi
50,40,3,Comedy
221,24,4,Romance
3,16,5,Sci-Fi
358,9,1,Adventure
428,62,5,Sci-Fi
318,73,4,Adventure
922,44,4,Comedy
487,93,5,Comedy
136,98,2,Adventure
517,82,4,Drama
780,58,4,Sci-Fi
153,94,3,Action
92,80,5,Adventure
420,50,2,Comedy
922,51,3,Adventure
554,6,4,Drama
754,36,1,Action
887,22,1,Drama
586,81,3,Documentary
575,83,1,Horror
660,72,1,Romance
198,80,5,Adventure
591,97,1,Drama
981,73,5,Adventure
194,97,4,Drama
515,3,1,Horror
675,69,2,Action
986,3,3,Horror
806,27,2,Sci-Fi
850,91,5,Drama
455,11,5,Action
622,42,4,Romance
604,6,4,Drama
883,3,3,Horror
448,24,4,Romance
25,68,3,Romance
392,33,1,Romance
118,13,5,Sci-Fi
173,37,2,Documentary
188,33,1,Romance
158,40,4,Comedy
695,22,1,Drama
630,42,2,Romance
28,92,1,Documentary
306,50,1,Comedy
328,19,4,Documentary
915,42,3,Romance
385,16,1,Sci-Fi
208,31,5,Adventure
601,31,4,Adventure
521,97,5,Drama
395,15,3,Action
63,41,4,Horror
567,53,1,Documentary
496,4,4,Sci-Fi
649,30,1,Comedy
276,71,5,Action
692,13,2,Sci-Fi
782,72,2,Romance
312,73,4,Adventure
457,11,5,Action
209,19,3,Documentary
554,22,2,Drama
551,55,5,Drama
463,6,1,Drama
833,60,5,Comedy
297,84,2,Drama
1,8,4,Comedy
280,77,3,Romance
860,88,4,Adventure
360,81,2,Documentary
600,66,3,Horror
47,21,5,Action
577,9,3,Adventure
92,51,1,Adventure
851,18,5,Sci-Fi
287,56,2,Romance
626,65,3,Adventure
906,88,3,Adventure
651,34,4,Romance
280,32,3,Comedy
350,27,4,Sci-Fi
983,77,3,Romance
17,89,2,Romance
662,1,5,Comedy
488,1,1,Comedy
689,23,4,Adventure
570,90,4,Sci-Fi
781,51,5,Adventure
84,84,1,Drama
552,4,4,Sci-Fi
689,16,3,Sci-Fi
996,49,5,Sci-Fi
367,50,2,Comedy
860,99,1,Comedy
128,60,3,Comedy
959,25,4,Horror
10,29,1,Comedy
777,36,3,Action
197,12,5,Comedy
641,39,2,Adventure
240,64,3,Documentary
38,36,4,Action
927,91,5,Drama
215,1,2,Comedy
841,82,4,Drama
114,36,5,Action
513,64,2,Documentary
566,25,5,Horror
689,88,5,Adventure
579,23,1,Adventure
603,17,1,Adventure
131,34,5,Romance
877,30,5,Comedy
747,36,2,Action
869,87,1,Adventure
994,89,5,Romance
630,33,5,Romance
905,59,1,Horror
961,55,1,Drama
875,42,4,Romance
865,53,3,Documentary
125,88,5,Adventure
478,64,3,Documentary
530,98,1,Adventure
906,93,2,Comedy
49,36,4,Action
546,58,3,Sci-Fi
6,51,2,Adventure
343,11,5,Action
828,4,2,Sci-Fi
707,55,1,Drama
940,32,2,Comedy
169,43,3,Sci-Fi
65,81,1,Documentary
29,62,4,Sci-Fi
828,4,5,Sci-Fi
817,81,3,Documentary
861,33,2,Romance
111,61,2,Drama
982,44,1,Comedy
842,43,5,Sci-Fi
814,31,1,Adventure
795,77,5,Romance
450,98,1,Adventure
641,58,5,Sci-Fi
128,11,1,Action
939,5,4,Sci-Fi
321,89,1,Romance
802,17,1,Adventure
942,57,1,Romance
309,79,4,Documentary
68,14,1,Sci-Fi
573,7,3,Comedy
871,49,4,Sci-Fi
99,80,4,Adventure
239,77,5,Romance
11,59,4,Horror
476,55,5,Drama
635,13,3,Sci-Fi
667,87,1,Adventure
465,67,3,Sci-Fi
602,25,1,Horror
106,2,5,Action
731,9,5,Adventure
809,25,5,Horror
130,82,5,Drama
263,46,4,Sci-Fi
493,93,5,Comedy
456,24,2,Romance
141,6,1,Drama
131,40,5,Comedy
447,66,3,Horror
319,75,5,Comedy
795,19,2,Documentary
481,40,5,Comedy
352,38,3,Comedy
994,2,5,Action
601,85,2,Sci-Fi
59,31,5,Adventure
839,72,1,Romance
433,45,2,Action
1000,26,2,Drama
805,9,3,Adventure
194,86,4,Horror
712,89,4,Romance
615,89,3,Romance
873,75,5,Comedy
987,43,5,Sci-Fi
307,54,3,Romance
167,14,4,Sci-Fi
898,6,4,Drama
225,1,2,Comedy
710,30,4,Comedy
639,28,2,Romance
493,95,3,Comedy
827,95,4,Comedy
211,52,2,Horror
846,1,3,Comedy
11,10,3,Action
31,72,1,Romance
146,38,4,Comedy
200,81,5,Documentary
935,98,3,Adventure
45,4,2,Sci-Fi
203,37,2,Documentary
225,34,2,Romance
348,71,2,Action
183,26,1,Drama
181,34,1,Romance
22,87,2,Adventure
389,84,1,Drama
347,27,3,Sci-Fi
468,31,3,Adventure
829,48,2,Comedy
964,68,5,Romance
903,56,1,Romance
122,19,2,Documentary
814,25,2,Horror
546,49,3,Sci-Fi
326,77,4,Romance
652,32,1,Comedy
782,79,5,Documentary
194,69,3,Action
809,20,3,Horror
254,7,3,Comedy
894,17,5,Adventure
992,75,4,Comedy
215,94,1,Action
804,61,5,Drama
67,22,5,Drama
398,97,5,Drama
384,64,5,Documentary
476,23,3,Adventure
730,48,5,Comedy
712,62,4,Sci-Fi
486,35,5,Horror
411,82,5,Drama
666,5,2,Sci-Fi
225,26,4,Drama
884,31,4,Adventure
224,40,4,Comedy
911,49,5,Sci-Fi
161,48,3,Comedy
564,11,2,Action
770,11,3,Action
456,67,3,Sci-Fi
236,75,1,Comedy
477,66,5,Horror
345,55,4,Drama
479,56,4,Romance
377,64,3,Documentary
280,49,1,Sci-Fi
184,57,2,Romance
272,83,1,Horror
368,11,3,Action
863,65,5,Adventure
560,83,1,Horror
805,36,2,Action
101,16,1,Sci-Fi
369,5,5,Sci-Fi
206,43,2,Sci-Fi
692,43,3,Sci-Fi
310,96,3,Drama
196,91,5,Drama
142,97,5,Drama
935,34,1,Romance
789,39,3,Adventure
843,45,4,Action
969,52,5,Horror
776,84,1,Drama
484,84,5,Drama
780,20,4,Horror
234,30,2,Comedy
486,30,5,Comedy
602,71,4,Action
740,60,3,Comedy
811,11,3,Action
867,25,4,Horror
789,90,4,Sci-Fi
215,57,4,Romance
874,72,1,Romance
384,18,5,Sci-Fi
895,17,3,Adventure
966,95,1,Comedy
512,85,3,Sci-Fi
348,29,4,Comedy
436,88,4,Adventure
782,100,5,Adventure
307,42,5,Romance
24,73,1,Adventure
945,18,2,Sci-Fi
976,43,5,Sci-Fi
645,78,5,Sci-Fi
588,51,4,Adventure
210,51,1,Adventure
548,50,2,Comedy
487,14,3,Sci-Fi
584,58,3,Sci-Fi
96,22,1,Drama
692,71,2,Action
33,89,5,Romance
501,4,2,Sci-Fi
204,9,4,Adventure
291,27,2,Sci-Fi
299,85,5,Sci-Fi
72,59,1,Horror
378,67,1,Sci-Fi
176,42,4,Romance
401,21,1,Action
133,69,4,Action
490,96,1,Drama
399,27,2,Sci-Fi
892,27,3,Sci-Fi
443,91,4,Drama
163,78,5,Sci-Fi
962,40,5,Comedy
208,65,4,Adventure
283,26,1,Drama
147,58,1,Sci-Fi
845,52,5,Horror
827,32,5,Comedy
337,73,4,Adventure
472,60,5,Comedy
41,95,1,Comedy
295,83,4,Horror
356,90,3,Sci-Fi
401,79,2,Documentary
426,32,2,Comedy
922,80,4,Adventure
469,50,2,Comedy
716,73,1,Adventure
403,90,1,Sci-Fi
246,21,3,Action
904,81,5,Documentary
299,86,1,Horror
715,93,2,Comedy
931,64,4,Documentary
781,71,1,Action
378,10,1,Action
517,99,3,Comedy
420,58,2,Sci-Fi
259,27,5,Sci-Fi
46,60,1,Comedy
75,82,4,Drama
391,44,4,Comedy
877,25,4,Horror
39,2,3,Action
118,91,2,Drama
335,86,4,Horror
497,60,1,Comedy
85,71,2,Action
731,57,2,Romance
483,36,2,Action
175,3,5,Horror
103,23,3,Adventure
128,69,4,Action
173,10,1,Action
694,35,2,Horror
452,46,2,Sci-Fi
222,92,1,Documentary
915,87,5,Adventure
222,57,1,Romance
857,82,5,Drama
657,85,1,Sci-Fi
400,89,3,Romance
455,7,5,Comedy
5,7,4,Comedy
786,26,2,Drama
384,31,2,Adventure
94,3,4,Horror
29,2,3,Action
841,25,1,Horror
226,13,2,Sci-Fi
742,22,1,Drama
426,66,1,Horror
836,42,3,Romance
576,81,2,Documentary
640,27,5,Sci-Fi
405,55,1,Drama
238,28,1,Romance
366,42,2,Romance
16,52,3,Horror
13,50,2,Comedy
470,29,1,Comedy
674,36,5,Action
378,6,1,Drama
907,28,4,Romance
309,99,5,Comedy
512,14,5,Sci-Fi
811,73,2,Adventure
258,13,5,Sci-Fi
333,81,4,Documentary
695,99,2,Comedy
341,23,3,Adventure
872,86,4,Horror
70,43,1,Sci-Fi
624,75,4,Comedy
392,66,2,Horror
516,76,1,Sci-Fi
239,3,5,Horror
778,16,3,Sci-Fi
243,95,4,Comedy
776,32,5,Comedy
82,8,2,Comedy
384,64,3,Documentary
207,20,4,Horror
210,83,1,Horror
244,93,5,Comedy
969,57,3,Romance
138,36,3,Action
660,98,1,Adventure
534,54,3,Romance
769,4,2,Sci-Fi
868,94,3,Action
351,32,2,Comedy
553,7,2,Comedy
821,88,2,Adventure
623,49,5,Sci-Fi
330,24,4,Romance
645,1,1,Comedy
891,63,1,Drama
977,25,1,Horror
650,19,2,Documentary
129,12,2,Comedy
607,71,2,Action
242,65,1,Adventure
437,93,4,Comedy
319,22,2,Drama
251,55,2,Drama
621,32,3,Comedy
293,74,4,Horror
991,82,2,Drama
279,62,1,Sci-Fi
974,47,4,Horror
387,22,4,Drama
452,55,5,Drama
625,95,4,Comedy
779,20,4,Horror
21,98,4,Adventure
438,11,3,Action
610,69,2,Action
567,94,2,Action
264,49,4,Sci-Fi
314,59,3,Horror
385,72,5,Romance
493,10,3,Action
140,92,4,Documentary
201,20,2,Horror
5,2,5,Action
748,93,3,Comedy
504,52,4,Horror
963,51,3,Adventure
394,63,3,Drama
657,76,1,Sci-Fi
419,5,1,Sci-Fi
395,73,2,Adventure
199,98,4,Adventure
981,33,3,Romance
522,91,4,Drama
651,89,3,Romance
714,8,4,Comedy
949,55,2,Drama
249,62,1,Sci-Fi
944,47,1,Horror
715,86,2,Horror
268,78,4,Sci-Fi
967,88,2,Adventure
261,32,5,Comedy
593,85,2,Sci-Fi
13,15,1,Action
660,92,4,Documentary
408,91,5,Drama
998,11,5,Action
932,25,4,Horror
170,55,3,Drama
709,39,5,Adventure
991,69,4,Action
601,40,4,Comedy
771,94,1,Action
112,82,5,Drama
796,45,2,Action
276,96,2,Drama
953,96,4,Drama
716,40,1,Comedy
173,63,1,Drama
100,9,4,Adventure
538,54,3,Romance
751,56,2,Romance
181,48,2,Comedy
721,18,2,Sci-Fi
499,24,5,Romance
972,15,4,Action
581,28,2,Romance
206,8,2,Comedy
829,98,2,Adventure
266,53,4,Documentary
642,80,1,Adventure
890,82,2,Drama
82,38,1,Comedy
387,16,3,Sci-Fi
66,44,1,Comedy
600,31,4,Adventure
497,87,1,Adventure
10,8,3,Comedy
770,1,5,Comedy
809,6,1,Drama
217,67,1,Sci-Fi
385,78,5,Sci-Fi
986,98,3,Adventure
955,63,4,Drama
776,44,5,Comedy
440,44,3,Comedy
699,44,3,Comedy
837,31,3,Adventure
682,52,4,Horror
626,8,3,Comedy
895,43,1,Sci-Fi
4,59,4,Horror
743,18,1,Sci-Fi
617,16,5,Sci-Fi
287,90,2,Sci-Fi
378,58,5,Sci-Fi
703,85,4,Sci-Fi
528,53,2,Documentary
4,82,3,Drama
18,82,3,Drama
895,6,3,Drama
695,57,2,Romance
622,63,4,Drama
757,79,1,Documentary
357,55,4,Drama
675,90,1,Sci-Fi
752,50,3,Comedy
622,25,2,Horror
891,67,5,Sci-Fi
804,92,5,Documentary
33,17,4,Adventure
816,12,3,Comedy
853,87,5,Adventure
896,60,2,Comedy
918,58,1,Sci-Fi
494,85,5,Sci-Fi
247,32,2,Comedy
175,97,1,Drama
109,56,1,Romance
165,42,4,Romance
785,36,2,Action
737,33,4,Romance
975,86,1,Horror
682,18,5,Sci-Fi
649,93,4,Comedy
93,89,3,Romance
893,29,5,Comedy
785,77,1,Romance
660,44,4,Comedy
933,92,4,Documentary
670,83,5,Horror
990,56,2,Romance
229,34,1,Romance
298,12,1,Comedy
92,44,5,Comedy
960,25,1,Horror
587,48,2,Comedy
874,41,4,Horror
591,95,1,Comedy
319,8,5,Comedy
549,25,4,Horror
434,41,3,Horror
817,87,2,Adventure
533,85,5,Sci-Fi
605,29,1,Comedy
405,2,5,Action
873,59,3,Horror
149,38,2,Comedy
512,88,4,Adventure
151,77,3,Romance
150,96,1,Drama
614,41,3,Horror
515,89,1,Romance
281,91,5,Drama
490,81,2,Documentary
507,38,4,Comedy
61,43,2,Sci-Fi
848,92,2,Documentary
869,94,2,Action
718,95,1,Comedy
946,100,2,Adventure
878,63,4,Drama
307,85,2,Sci-Fi
23,71,4,Action
346,55,4,Drama
357,97,4,Drama
401,10,5,Action
745,37,3,Documentary
714,25,5,Horror
404,13,2,Sci-Fi
332,97,5,Drama
887,7,3,Comedy
469,84,2,Drama
592,18,4,Sci-Fi
713,62,3,Sci-Fi
919,19,2,Documentary
224,96,2,Drama
753,84,1,Drama
371,93,5,Comedy
105,87,2,Adventure
386,55,2,Drama
949,8,1,Comedy
365,61,2,Drama
968,7,1,Comedy
528,84,3,Drama
608,56,2,Romance
643,93,4,Comedy
251,5,1,Sci-Fi
247,51,4,Adventure
310,89,5,Romance
978,23,4,Adventure
795,89,1,Romance
797,60,4,Comedy
282,81,4,Documentary
377,2,1,Action
120,11,1,Action
501,83,5,Horror
231,3,5,Horror
587,74,4,Horror
281,89,1,Romance
814,76,2,Sci-Fi
394,62,4,Sci-Fi
306,74,2,Horror
102,42,1,Romance
731,69,2,Action
416,90,1,Sci-Fi
404,72,5,Romance
803,68,4,Romance
66,67,5,Sci-Fi
552,92,1,Documentary
772,97,2,Drama
989,85,1,Sci-Fi
186,77,2,Romance
6,72,4,Romance
820,41,1,Horror
41,17,5,Adventure
212,84,2,Drama
90,72,3,Romance
872,97,1,Drama
87,16,5,Sci-Fi
306,47,5,Horror
176,55,1,Drama
255,39,1,Adventure
969,67,3,Sci-Fi
675,69,4,Action
144,74,4,Horror
712,41,5,Horror
933,46,5,Sci-Fi
552,66,2,Horror
705,13,1,Sci-Fi
243,5,2,Sci-Fi
146,39,2,Adventure
981,18,5,Sci-Fi
566,28,5,Romance
368,36,2,Action
747,80,4,Adventure
77,71,3,Action
267,49,2,Sci-Fi
410,59,1,Horror
968,33,4,Romance
963,89,2,Romance
549,27,1,Sci-Fi
645,94,3,Action
649,90,2,Sci-Fi
732,48,5,Comedy
674,83,5,Horror
620,21,4,Action
842,20,3,Horror
807,56,4,Romance
27,78,2,Sci-Fi
80,35,1,Horror
545,15,5,Action
417,9,3,Adventure
656,12,3,Comedy
932,43,3,Sci-Fi
150,29,3,Comedy
11,13,4,Sci-Fi
993,29,4,Comedy
975,14,1,Sci-Fi
180,68,3,Romance
603,63,1,Drama
542,45,5,Action
887,37,5,Documentary
278,78,1,Sci-Fi
919,7,2,Comedy
326,97,4,Drama
186,45,5,Action
565,77,4,Romance
489,76,2,Sci-Fi
266,2,5,Action
731,20,2,Horror
147,49,5,Sci-Fi
754,35,1,Horror
941,93,3,Comedy
725,100,2,Adventure
695,78,4,Sci-Fi
724,59,2,Horror
450,46,4,Sci-Fi
515,37,3,Documentary
976,55,5,Drama
965,92,2,Documentary
313,82,1,Drama
971,40,4,Comedy
790,41,1,Horror
650,11,1,Action
748,31,1,Adventure
170,74,1,Horror
87,96,3,Drama
568,64,1,Documentary
986,55,5,Drama
955,94,2,Action
492,64,5,Documentary
702,87,5,Adventure
715,16,4,Sci-Fi
15,79,2,Documentary
933,96,1,Drama
732,55,5,Drama
768,45,2,Action
757,85,5,Sci-Fi
701,78,1,Sci-Fi
622,58,2,Sci-Fi
691,98,5,Adventure
926,29,2,Comedy
77,47,2,Horror
527,46,1,Sci-Fi
433,64,4,Documentary
175,48,1,Comedy
347,87,2,Adventure
852,70,1,Sci-Fi
298,39,4,Adventure
301,34,2,Romance
3,95,5,Comedy
404,28,3,Romance
952,83,5,Horror
846,5,4,Sci-Fi
914,80,4,Adventure
59,46,1,Sci-Fi
631,59,3,Horror
306,46,1,Sci-Fi
6,45,2,Action
412,46,1,Sci-Fi
104,56,4,Romance
203,11,5,Action
527,20,4,Horror
127,63,1,Drama
160,99,3,Comedy
232,61,4,Drama
384,39,3,Adventure
439,24,5,Romance
832,35,1,Horror
450,85,4,Sci-Fi
166,18,3,Sci-Fi
766,56,1,Romance
368,91,2,Drama
114,25,3,Horror
42,18,4,Sci-Fi
432,96,3,Drama
923,5,2,Sci-Fi
683,26,4,Drama
983,86,3,Horror
122,54,4,Romance
564,64,2,Documentary
333,97,4,Drama
514,93,4,Comedy
135,15,1,Action
812,3,2,Horror
160,45,5,Action
14,99,2,Comedy
54,87,3,Adventure
440,77,1,Romance
445,62,3,Sci-Fi
289,63,1,Drama
780,55,2,Drama
633,20,5,Horror
192,32,3,Comedy
786,15,3,Action
718,32,4,Comedy
204,61,1,Drama
718,94,5,Action
626,24,2,Romance
876,76,2,Sci-Fi
235,16,2,Sci-Fi
411,5,3,Sci-Fi
197,19,4,Documentary
19,79,2,Documentary
94,7,4,Comedy
418,68,3,Romance
717,82,2,Drama
228,44,4,Comedy
491,8,5,Comedy
438,83,1,Horror
312,15,3,Action
373,36,3,Action
729,54,2,Romance
328,7,2,Comedy
42,1,1,Comedy
677,96,3,Drama
218,37,4,Documentary
287,78,1,Sci-Fi
442,24,3,Romance
972,63,3,Drama
343,39,1,Adventure
100,86,1,Horror
700,71,2,Action
340,47,3,Horror
761,100,5,Adventure
542,78,3,Sci-Fi
244,84,3,Drama
216,75,4,Comedy
90,14,2,Sci-Fi
645,96,5,Drama
124,6,5,Drama
992,84,2,Drama
198,91,4,Drama
948,13,1,Sci-Fi
965,70,5,Sci-Fi
352,39,4,Adventure
780,26,5,Drama
739,20,1,Horror
131,25,4,Horror
564,92,3,Documentary
913,98,5,Adventure
999,45,3,Action
460,81,1,Documentary
933,56,1,Romance
495,54,5,Romance
954,65,1,Adventure
171,77,3,Romance
714,17,3,Adventure
47,73,1,Adventure
814,89,2,Romance
759,51,4,Adventure
702,69,5,Action
995,10,2,Action
449,97,5,Drama
394,72,4,Romance
411,78,3,Sci-Fi
212,24,1,Romance
164,74,2,Horror
607,90,1,Sci-Fi
901,66,4,Horror
516,91,5,Drama
266,39,2,Adventure
304,91,3,Drama
566,16,2,Sci-Fi
230,6,5,Drama
244,38,1,Comedy
655,19,3,Documentary
950,18,3,Sci-Fi
895,7,2,Comedy
844,27,5,Sci-Fi
119,1,3,Comedy
648,78,3,Sci-Fi
333,11,5,Action
271,93,2,Comedy
419,79,3,Documentary
333,8,1,Comedy
844,46,2,Sci-Fi
749,36,2,Action
263,3,5,Horror
674,100,5,Adventure
109,93,4,Comedy
969,84,3,Drama
891,81,5,Documentary
565,27,4,Sci-Fi
226,42,3,Romance
209,75,4,Comedy
160,58,2,Sci-Fi
748,93,4,Comedy
378,19,4,Documentary
96,64,2,Documentary
471,24,2,Romance
194,73,4,Adventure
966,94,2,Action
664,37,1,Documentary
318,21,2,Action
838,51,5,Adventure
193,9,2,Adventure
74,55,2,Drama
466,83,4,Horror
103,93,5,Comedy
141,94,1,Action
618,13,4,Sci-Fi
394,3,1,Horror
847,2,1,Action
136,32,1,Comedy
275,19,5,Documentary
14,2,1,Action
556,95,3,Comedy
874,91,1,Drama
208,18,4,Sci-Fi
778,73,4,Adventure
836,21,3,Action
340,62,2,Sci-Fi
250,8,5,Comedy
709,35,5,Horror
127,3,1,Horror
106,70,3,Sci-Fi
106,66,4,Horror
146,1,2,Comedy
25,30,4,Comedy
395,19,3,Documentary
672,37,2,Documentary
944,88,4,Adventure
704,92,1,Documentary
504,22,1,Drama
230,14,3,Sci-Fi
366,10,5,Action
342,16,3,Sci-Fi
946,11,1,Action
620,20,2,Horror
439,68,3,Romance
615,24,4,Romance
154,86,3,Horror
640,37,3,Documentary
897,14,3,Sci-Fi
939,64,3,Documentary
956,34,1,Romance
808,1,2,Comedy
797,84,2,Drama
328,19,4,Documentary
458,93,4,Comedy
835,9,1,Adventure
592,55,3,Drama
149,12,3,Comedy
131,24,4,Romance
362,41,4,Horror
435,62,4,Sci-Fi
617,82,3,Drama
142,84,2,Drama
393,54,5,Romance
510,69,5,Action
505,69,5,Action
842,30,4,Comedy
86,75,4,Comedy
540,74,2,Horror
720,12,2,Comedy
371,1,2,Comedy
872,3,3,Horror
572,61,2,Drama
944,15,1,Action
934,45,3,Action
870,100,2,Adventure
302,59,2,Horror
856,71,4,Action
249,27,2,Sci-Fi
58,96,2,Drama
121,90,2,Sci-Fi
387,94,1,Action
713,55,3,Drama
56,90,1,Sci-Fi
679,75,1,Comedy
489,77,2,Romance
31,19,3,Documentary
145,11,2,Action
79,2,5,Action
852,54,2,Romance
784,24,4,Romance
762,18,5,Sci-Fi
716,39,4,Adventure
422,93,3,Comedy
455,83,1,Horror
294,15,2,Action
62,83,1,Horror
619,97,2,Drama
516,21,1,Action
406,55,4,Drama
568,92,3,Documentary
942,74,5,Horror
314,91,2,Drama
434,21,3,Action
997,12,5,Comedy
387,17,2,Adventure
411,80,1,Adventure
225,51,2,Adventure
843,96,5,Drama
620,10,4,Action
489,41,4,Horror
848,49,2,Sci-Fi
56,48,4,Comedy
200,35,1,Horror
107,10,3,Action
618,100,3,Adventure
29,31,3,Adventure
167,70,1,Sci-Fi
67,28,5,Romance
12,97,3,Drama
193,71,2,Action
654,5,2,Sci-Fi
276,11,5,Action
579,6,5,Drama
810,62,1,Sci-Fi
50,41,1,Horror
967,40,1,Comedy
366,97,3,Drama
982,51,5,Adventure
200,41,4,Horror
744,46,2,Sci-Fi
720,87,1,Adventure
340,53,5,Documentary
104,65,2,Adventure
25,76,4,Sci-Fi
489,76,1,Sci-Fi
298,21,2,Action
699,60,1,Comedy
907,81,1,Documentary
976,92,2,Documentary
906,28,2,Romance
788,92,2,Documentary
987,65,5,Adventure
747,78,5,Sci-Fi
953,99,3,Comedy
459,17,3,Adventure
298,47,5,Horror
877,56,1,Romance
913,92,4,Documentary
245,27,5,Sci-Fi
622,10,2,Action
581,81,4,Documentary
100,2,2,Action
785,40,5,Comedy
889,12,4,Comedy
97,59,3,Horror
174,38,2,Comedy
70,36,5,Action
373,46,1,Sci-Fi
73,23,4,Adventure
265,61,3,Drama
782,57,2,Romance
963,16,5,Sci-Fi
500,6,3,Drama
880,37,4,Documentary
419,80,2,Adventure
452,47,5,Horror
866,80,3,Adventure
383,11,4,Action
519,58,3,Sci-Fi
899,88,1,Adventure
636,83,1,Horror
759,32,5,Comedy
9,20,1,Horror
298,49,2,Sci-Fi
584,52,1,Horror
229,50,4,Comedy
686,12,3,Comedy
478,60,5,Comedy
922,60,1,Comedy
88,24,1,Romance
940,51,4,Adventure
205,52,3,Horror
67,41,3,Horror
619,63,2,Drama
720,95,4,Comedy
118,36,4,Action
40,70,2,Sci-Fi
972,61,2,Drama
656,28,3,Romance
582,5,5,Sci-Fi
793,49,1,Sci-Fi
959,47,4,Horror
485,28,1,Romance
217,3,4,Horror
277,33,2,Romance
86,19,1,Documentary
281,52,1,Horror
306,92,4,Documentary
893,54,5,Romance
220,86,3,Horror
189,7,1,Comedy
917,55,3,Drama
987,97,3,Drama
169,26,3,Drama
965,54,4,Romance
487,69,2,Action
989,90,4,Sci-Fi
364,89,5,Romance
399,2,5,Action
802,77,2,Romance
80,93,5,Comedy
632,19,3,Documentary
681,94,3,Action
15,20,4,Horror
957,19,4,Documentary
886,41,1,Horror
812,87,4,Adventure
270,67,1,Sci-Fi
462,17,4,Adventure
655,75,1,Comedy
38,28,2,Romance
431,90,5,Sci-Fi
793,22,5,Drama
387,28,3,Romance
215,25,5,Horror
979,2,3,Action
834,47,1,Horror
310,40,5,Comedy
839,16,4,Sci-Fi
665,59,4,Horror
421,46,3,Sci-Fi
849,70,4,Sci-Fi
536,98,3,Adventure
117,23,4,Adventure
439,48,2,Comedy
567,77,2,Romance
556,56,4,Romance
292,85,4,Sci-Fi
650,37,5,Documentary
961,13,1,Sci-Fi
826,14,1,Sci-Fi
666,3,5,Horror
955,53,1,Documentary
509,96,5,Drama
950,70,1,Sci-Fi
649,57,5,Romance
596,5,3,Sci-Fi
873,54,2,Romance
229,100,4,Adventure
565,49,1,Sci-Fi
201,61,1,Drama
360,60,4,Comedy
930,83,4,Horror
8,48,2,Comedy
520,37,3,Documentary
901,85,3,Sci-Fi
315,54,2,Romance
5,54,1,Romance
16,4,2,Sci-Fi
810,48,5,Comedy
840,95,5,Comedy
326,43,2,Sci-Fi
983,74,4,Horror
248,72,4,Romance
198,79,4,Documentary
849,7,5,Comedy
440,17,4,Adventure
746,23,4,Adventure
926,41,5,Horror
163,56,2,Romance
102,91,2,Drama
517,16,5,Sci-Fi
804,51,3,Adventure
858,71,2,Action
972,42,2,Romance
96,12,1,Comedy
448,2,5,Action
157,4,5,Sci-Fi
725,70,1,Sci-Fi
586,49,1,Sci-Fi
761,94,2,Action
465,82,3,Drama
192,31,2,Adventure
305,25,5,Horror
861,32,4,Comedy
789,34,1,Romance
282,11,2,Action
643,3,5,Horror
888,14,1,Sci-Fi
471,77,1,Romance
110,19,3,Documentary
269,24,1,Romance
80,64,3,Documentary
935,27,4,Sci-Fi
104,63,1,Drama
424,10,4,Action
983,81,1,Documentary
216,88,4,Adventure
385,41,4,Horror
828,21,2,Action
306,2,2,Action
676,73,5,Adventure
876,5,1,Sci-Fi
1000,44,3,Comedy
496,79,5,Documentary
560,1,2,Comedy
535,95,3,Comedy
949,16,2,Sci-Fi
621,4,5,Sci-Fi
24,67,5,Sci-Fi
780,20,2,Horror
888,47,1,Horror
921,28,1,Romance
336,18,2,Sci-Fi
86,94,2,Action
275,36,4,Action
205,12,3,Comedy
726,71,3,Action
479,96,4,Drama
447,66,4,Horror
945,25,3,Horror
178,26,3,Drama
985,51,1,Adventure
598,99,5,Comedy
320,22,2,Drama
977,93,4,Comedy
444,58,4,Sci-Fi
611,96,3,Drama
836,41,5,Horror
111,78,4,Sci-Fi
440,26,5,Drama
362,48,1,Comedy
461,22,1,Drama
982,66,3,Horror
601,53,3,Documentary
619,83,5,Horror
361,51,1,Adventure
118,24,3,Romance
440,24,3,Romance
252,10,2,Action
673,48,3,Comedy
149,100,3,Adventure
126,2,3,Action
705,2,3,Action
219,60,5,Comedy
815,42,2,Romance
576,9,4,Adventure
291,78,2,Sci-Fi
540,28,1,Romance
575,36,5,Action
969,86,1,Horror
588,83,4,Horror
699,97,4,Drama
326,41,2,Horror
202,7,4,Comedy
511,6,3,Drama
432,16,1,Sci-Fi
464,22,5,Drama
335,76,4,Sci-Fi
243,74,1,Horror
292,3,5,Horror
5,60,3,Comedy
135,52,1,Horror
918,69,5,Action
41,44,1,Comedy
72,61,1,Drama
850,54,3,Romance
282,41,3,Horror
410,11,5,Action
794,41,4,Horror
628,7,4,Comedy
306,90,4,Sci-Fi
506,83,1,Horror
864,48,5,Comedy
106,4,2,Sci-Fi
49,2,2,Action
108,42,4,Romance
232,22,1,Drama
196,93,3,Comedy
836,69,1,Action
957,89,1,Romance
266,6,1,Drama
50,39,1,Adventure
271,43,5,Sci-Fi
811,49,3,Sci-Fi
716,22,2,Drama
598,59,1,Horror
130,41,2,Horror
772,75,4,Comedy
653,58,1,Sci-Fi
535,68,2,Romance
592,62,4,Sci-Fi
1000,36,3,Action
792,94,4,Action
232,12,3,Comedy
785,38,1,Comedy
362,72,2,Romance
676,83,2,Horror
712,10,1,Action
996,64,1,Documentary
218,2,2,Action
480,50,2,Comedy
500,14,3,Sci-Fi
214,76,5,Sci-Fi
527,41,3,Horror
726,59,2,Horror
869,65,1,Adventure
937,17,2,Adventure
939,47,4,Horror
999,58,5,Sci-Fi
526,26,4,Drama
193,9,3,Adventure
434,22,3,Drama
975,74,1,Horror
151,60,1,Comedy
763,15,2,Action
17,59,2,Horror
274,4,4,Sci-Fi
678,68,4,Romance
361,34,1,Romance
950,71,1,Action
363,56,2,Romance
155,51,5,Adventure
442,66,3,Horror
55,57,3,Romance
379,13,1,Sci-Fi
665,49,4,Sci-Fi
199,38,2,Comedy
413,23,5,Adventure
283,68,5,Romance
506,67,4,Sci-Fi
112,88,1,Adventure
662,32,1,Comedy
225,15,1,Action
917,5,5,Sci-Fi
273,31,1,Adventure
545,13,3,Sci-Fi
232,80,4,Adventure
402,51,1,Adventure
226,94,3,Action
508,27,2,Sci-Fi
805,27,3,Sci-Fi
653,37,5,Documentary
295,94,1,Action
97,24,5,Romance
930,90,5,Sci-Fi
489,95,3,Comedy
874,89,2,Romance
175,41,1,Horror
171,24,3,Romance
922,59,2,Horror
986,2,4,Action
439,43,1,Sci-Fi
182,34,1,Romance
175,87,1,Adventure
609,46,4,Sci-Fi
598,1,4,Comedy
895,32,4,Comedy
113,6,1,Drama
581,88,3,Adventure
856,30,5,Comedy
516,22,2,Drama
794,13,1,Sci-Fi
312,95,3,Comedy
464,63,3,Drama
559,33,4,Romance
260,47,4,Horror
14,46,3,Sci-Fi
728,43,5,Sci-Fi
794,85,5,Sci-Fi
496,15,3,Action
703,67,1,Sci-Fi
152,53,2,Documentary
676,19,3,Documentary
510,4,2,Sci-Fi
592,95,4,Comedy
369,27,1,Sci-Fi
199,49,1,Sci-Fi
989,36,5,Action
921,58,5,Sci-Fi
180,34,3,Romance
910,43,4,Sci-Fi
604,54,3,Romance
317,25,1,Horror
594,67,3,Sci-Fi
855,79,1,Documentary
444,59,5,Horror
992,45,3,Action
113,2,4,Action
950,88,2,Adventure
478,88,2,Adventure
536,38,5,Comedy
572,86,2,Horror
311,63,3,Drama
67,38,1,Comedy
465,6,2,Drama
290,76,1,Sci-Fi
55,63,3,Drama
6,56,3,Romance
677,1,1,Comedy
258,18,3,Sci-Fi
900,37,5,Documentary
682,99,5,Comedy
159,12,3,Comedy
147,94,2,Action
443,75,1,Comedy
298,29,1,Comedy
485,46,2,Sci-Fi
832,87,4,Adventure
433,52,1,Horror
915,34,3,Romance
612,40,2,Comedy
578,56,3,Romance
824,75,2,Comedy
700,99,2,Comedy
257,18,4,Sci-Fi
568,26,3,Drama
313,11,3,Action
581,81,4,Documentary
559,24,4,Romance
802,56,1,Romance
142,68,4,Romance
711,41,5,Horror
958,88,3,Adventure
480,46,4,Sci-Fi
478,54,4,Romance
473,4,5,Sci-Fi
28,99,4,Comedy
91,97,2,Drama
630,39,2,Adventure
595,66,3,Horror
131,80,5,Adventure
922,73,3,Adventure
55,97,4,Drama
129,52,1,Horror
474,98,5,Adventure
472,7,1,Comedy
57,35,1,Horror
342,77,1,Romance
842,38,5,Comedy
494,89,3,Romance
886,8,1,Comedy
759,75,5,Comedy
758,92,1,Documentary
719,27,5,Sci-Fi
148,72,4,Romance
140,29,2,Comedy
309,81,3,Documentary
737,1,4,Comedy
639,89,2,Romance
118,9,1,Adventure
157,78,1,Sci-Fi
533,13,2,Sci-Fi
210,14,4,Sci-Fi
26,65,4,Adventure
401,8,1,Comedy
308,52,4,Horror
189,31,5,Adventure
267,79,4,Documentary
880,85,5,Sci-Fi
127,56,2,Romance
652,3,2,Horror
146,96,2,Drama
175,66,5,Horror
206,61,4,Drama
297,38,1,Comedy
983,76,4,Sci-Fi
377,86,3,Horror
401,50,1,Comedy
476,54,4,Romance
152,4,3,Sci-Fi
469,16,5,Sci-Fi
399,2,5,Action
311,5,5,Sci-Fi
456,6,3,Drama
986,18,4,Sci-Fi
904,93,4,Comedy
284,2,2,Action
367,65,5,Adventure
216,45,5,Action
400,66,1,Horror
179,84,2,Drama
361,84,5,Drama
348,59,2,Horror
286,98,3,Adventure
946,51,1,Adventure
939,83,4,Horror
386,61,5,Drama
675,24,5,Romance
726,65,5,Adventure
266,17,3,Adventure
603,75,3,Comedy
599,80,4,Adventure
70,6,1,Drama
873,94,2,Action
238,13,1,Sci-Fi
512,87,4,Adventure
332,98,2,Adventure
791,94,2,Action
108,23,4,Adventure
774,54,1,Romance
64,79,3,Documentary
118,5,1,Sci-Fi
453,98,3,Adventure
622,81,1,Documentary
946,23,3,Adventure
111,90,4,Sci-Fi
387,18,5,Sci-Fi
570,26,2,Drama
259,63,4,Drama
696,37,2,Documentary
207,95,2,Comedy
445,68,2,Romance
89,75,1,Comedy
645,86,1,Horror
209,5,2,Sci-Fi
915,1,3,Comedy
793,53,5,Documentary
560,10,3,Action
190,88,5,Adventure
509,25,2,Horror
585,61,5,Drama
361,46,5,Sci-Fi
922,72,2,Romance
821,9,4,Adventure
438,81,4,Documentary
895,10,5,Action
81,17,5,Adventure
306,13,1,Sci-Fi
511,30,1,Comedy
616,70,3,Sci-Fi
24,29,3,Comedy
945,33,4,Romance
721,46,1,Sci-Fi
894,21,3,Action
77,69,5,Action
248,67,5,Sci-Fi
513,40,4,Comedy
634,8,5,Comedy
715,15,5,Action
483,34,1,Romance
34,44,4,Comedy
268,26,3,Drama
910,98,1,Adventure
143,27,5,Sci-Fi
837,94,3,Action
947,97,1,Drama
242,64,1,Documentary
825,73,5,Adventure
720,98,1,Adventure
355,10,4,Action
613,95,5,Comedy
952,11,5,Action
491,17,3,Adventure
741,6,1,Drama
37,64,5,Documentary
231,84,3,Drama
442,62,3,Sci-Fi
801,30,1,Comedy
954,8,1,Comedy
793,26,5,Drama
623,49,1,Sci-Fi
566,62,1,Sci-Fi
397,99,4,Comedy
713,17,4,Adventure
719,55,5,Drama
142,15,4,Action
121,79,3,Documentary
361,25,3,Horror
448,8,2,Comedy
238,12,5,Comedy
11,30,4,Comedy
766,97,5,Drama
582,6,1,Drama
895,93,2,Comedy
833,8,1,Comedy
59,17,4,Adventure
185,37,1,Documentary
322,45,5,Action
671,32,3,Comedy
133,78,4,Sci-Fi
491,85,1,Sci-Fi
673,10,1,Action
257,70,2,Sci-Fi
507,91,3,Drama
920,29,4,Comedy
731,39,3,Adventure
799,71,3,Action
890,84,2,Drama
540,35,3,Horror
715,70,5,Sci-Fi
107,7,3,Comedy
923,53,5,Documentary
498,36,1,Action
209,18,5,Sci-Fi
237,40,5,Comedy
216,16,3,Sci-Fi
743,19,1,Documentary
241,90,4,Sci-Fi
666,98,4,Adventure
976,15,1,Action
511,5,3,Sci-Fi
285,76,4,Sci-Fi
308,11,1,Action
286,79,4,Documentary
508,3,4,Horror
394,57,1,Romance
230,27,4,Sci-Fi
189,85,4,Sci-Fi
546,7,3,Comedy
33,70,3,Sci-Fi
960,4,5,Sci-Fi
773,44,3,Comedy
830,97,5,Drama
222,97,1,Drama
350,93,5,Comedy
445,55,1,Drama
827,14,5,Sci-Fi
398,93,3,Comedy
880,69,4,Action
435,74,5,Horror
788,67,3,Sci-Fi
167,49,4,Sci-Fi
764,31,2,Adventure
930,2,3,Action
819,88,3,Adventure
88,32,5,Comedy
303,44,5,Comedy
405,5,5,Sci-Fi
281,47,3,Horror
676,33,5,Romance
13,16,3,Sci-Fi
583,85,3,Sci-Fi
857,34,2,Romance
455,60,1,Comedy
451,2,4,Action
38,46,4,Sci-Fi
654,72,2,Romance
419,8,5,Comedy
962,11,3,Action
919,79,5,Documentary
322,9,4,Adventure
185,34,3,Romance
266,64,2,Documentary
233,81,2,Documentary
151,80,1,Adventure
239,15,1,Action
189,88,5,Adventure
882,57,5,Romance
325,6,5,Drama
735,30,1,Comedy
975,92,3,Documentary
999,33,1,Romance
695,46,5,Sci-Fi
736,6,5,Drama
241,45,1,Action
80,65,4,Adventure
116,66,1,Horror
243,27,3,Sci-Fi
585,48,4,Comedy
74,83,4,Horror
897,37,2,Documentary
26,42,5,Romance
808,47,3,Horror
999,53,3,Documentary
482,38,5,Comedy
32,21,3,Action
46,38,2,Comedy
934,76,1,Sci-Fi
109,78,2,Sci-Fi
828,41,5,Horror
733,100,5,Adventure
803,75,3,Comedy
963,28,4,Romance
851,75,1,Comedy
673,93,2,Comedy
391,98,1,Adventure
979,10,2,Action
579,65,5,Adventure
646,71,4,Action
552,94,1,Action
868,68,1,Romance
622,61,5,Drama
533,57,3,Romance
276,25,5,Horror
301,32,3,Comedy
249,99,3,Comedy
237,59,3,Horror
767,15,2,Action
456,94,4,Action
371,11,3,Action
574,65,1,Adventure
937,47,4,Horror
620,30,4,Comedy
806,54,2,Romance
584,17,5,Adventure
251,100,4,Adventure
691,75,2,Comedy
621,34,3,Romance
350,41,1,Horror
84,53,4,Documentary
518,19,5,Documentary
507,81,2,Documentary
922,24,4,Romance
16,22,1,Drama
429,34,5,Romance
729,61,1,Drama
130,5,4,Sci-Fi
25,89,2,Romance
75,17,5,Adventure
888,68,4,Romance
926,55,3,Drama
131,52,5,Horror
248,92,3,Documentary
122,44,3,Comedy
606,78,5,Sci-Fi
111,93,1,Comedy
76,95,3,Comedy
973,58,4,Sci-Fi
646,58,4,Sci-Fi
297,97,4,Drama
717,18,2,Sci-Fi
742,99,5,Comedy
939,66,1,Horror
156,1,5,Comedy
608,48,4,Comedy
389,42,4,Romance
181,66,5,Horror
287,99,1,Comedy
238,39,4,Adventure
350,7,5,Comedy
531,68,5,Romance
521,55,3,Drama
331,50,3,Comedy
776,23,2,Adventure
43,95,2,Comedy
441,67,3,Sci-Fi
589,79,3,Documentary
102,45,3,Action
170,16,3,Sci-Fi
281,63,4,Drama
230,22,3,Drama
962,34,5,Romance
772,14,2,Sci-Fi
683,36,2,Action
99,27,5,Sci-Fi
859,66,2,Horror
29,77,1,Romance
983,70,5,Sci-Fi
819,25,1,Horror
501,4,3,Sci-Fi
209,37,5,Documentary
437,94,4,Action
534,17,4,Adventure
303,15,1,Action
456,56,4,Romance
270,12,2,Comedy
286,94,1,Action
992,46,1,Sci-Fi
763,29,1,Comedy
335,21,5,Action
344,36,4,Action
646,95,5,Comedy
689,100,1,Adventure
724,89,3,Romance
914,5,4,Sci-Fi
103,91,5,Drama
326,25,5,Horror
677,81,1,Documentary
972,82,1,Drama
252,18,5,Sci-Fi
386,29,2,Comedy
272,61,2,Drama
497,24,4,Romance
290,17,2,Adventure
651,12,5,Comedy
878,93,2,Comedy
4,56,1,Romance
503,72,5,Romance
214,91,2,Drama
40,54,3,Romance
629,49,5,Sci-Fi
241,82,3,Drama
496,68,2,Romance
899,39,2,Adventure
897,38,4,Comedy
502,81,4,Documentary
613,46,5,Sci-Fi
493,38,1,Comedy
225,15,3,Action
430,58,3,Sci-Fi
254,85,4,Sci-Fi
119,23,4,Adventure
980,41,1,Horror
356,90,4,Sci-Fi
722,17,4,Adventure
861,63,5,Drama
422,88,2,Adventure
30,38,3,Comedy
520,28,4,Romance
63,72,3,Romance
268,87,3,Adventure
422,51,4,Adventure
436,52,3,Horror
935,7,3,Comedy
498,94,2,Action
348,82,1,Drama
316,58,4,Sci-Fi
227,74,2,Horror
549,27,1,Sci-Fi
971,79,5,Documentary
338,17,5,Adventure
553,3,1,Horror
822,49,1,Sci-Fi
800,91,3,Drama
935,46,5,Sci-Fi
65,84,1,Drama
532,27,3,Sci-Fi
549,26,2,Drama
859,69,4,Action
881,92,2,Documentary
298,21,3,Action
340,53,2,Documentary
567,94,2,Action
963,2,1,Action
866,3,5,Horror
105,65,4,Adventure
811,63,1,Drama
161,37,3,Documentary
25,30,2,Comedy
35,35,1,Horror
833,49,4,Sci-Fi
135,95,3,Comedy
883,11,1,Action
76,65,4,Adventure
21,2,5,Action
620,20,1,Horror
754,76,4,Sci-Fi
199,78,3,Sci-Fi
804,42,4,Romance
525,96,1,Drama
310,36,4,Action
208,13,3,Sci-Fi
993,84,5,Drama
483,49,3,Sci-Fi
440,12,2,Comedy
991,53,5,Documentary
286,62,3,Sci-Fi
930,90,5,Sci-Fi
519,32,4,Comedy
18,64,4,Documentary
975,48,5,Comedy
732,14,4,Sci-Fi
230,74,1,Horror
407,99,2,Comedy
458,48,4,Comedy
577,14,3,Sci-Fi
341,19,1,Documentary
98,72,2,Romance
213,63,5,Drama
256,11,2,Action
413,79,4,Documentary
536,93,5,Comedy
779,30,1,Comedy
786,64,3,Documentary
422,40,3,Comedy
855,20,1,Horror
330,89,5,Romance
614,53,1,Documentary
275,89,2,Romance
774,72,4,Romance
559,64,3,Documentary
983,84,2,Drama
330,60,4,Comedy
527,72,1,Romance
944,14,4,Sci-Fi
717,10,4,Action
131,97,1,Drama
166,67,1,Sci-Fi
171,26,4,Drama
891,15,1,Action
907,55,4,Drama
175,81,5,Documentary
499,18,5,Sci-Fi
429,52,1,Horror
304,16,4,Sci-Fi
302,93,3,Comedy
536,42,5,Romance
911,48,5,Comedy
666,22,2,Drama
298,67,2,Sci-Fi
823,79,3,Documentary
532,78,3,Sci-Fi
484,60,2,Comedy
959,43,2,Sci-Fi
169,68,4,Romance
11,41,4,Horror
184,20,4,Horror
69,1,3,Comedy
719,25,2,Horror
711,13,5,Sci-Fi
470,43,1,Sci-Fi
63,80,4,Adventure
609,21,1,Action
359,82,5,Drama
905,29,3,Comedy
644,2,2,Action
282,37,4,Documentary
599,94,3,Action
377,80,4,Adventure
957,33,5,Romance
555,83,2,Horror
80,76,2,Sci-Fi
106,94,2,Action
287,23,3,Adventure
578,14,2,Sci-Fi
817,67,5,Sci-Fi
661,99,4,Comedy
339,74,5,Horror
620,36,5,Action
685,61,2,Drama
173,1,2,Comedy
222,12,5,Comedy
151,19,2,Documentary
487,1,3,Comedy
80,7,2,Comedy
524,57,4,Romance
681,61,3,Drama
310,65,1,Adventure
247,72,4,Romance
387,100,4,Adventure
724,61,3,Drama
320,67,3,Sci-Fi
544,11,5,Action
863,28,2,Romance
969,82,3,Drama
729,19,4,Documentary
574,57,4,Romance
712,33,1,Romance
572,56,3,Romance
183,4,3,Sci-Fi
876,60,3,Comedy
746,55,2,Drama
632,72,2,Romance
392,48,2,Comedy
956,96,1,Drama
201,57,3,Romance
539,25,1,Horror
601,40,3,Comedy
97,48,3,Comedy
515,2,5,Action
280,5,3,Sci-Fi
658,62,4,Sci-Fi
45,90,3,Sci-Fi
281,81,1,Documentary
995,74,1,Horror
884,92,4,Documentary
623,81,4,Documentary
503,23,4,Adventure
768,83,5,Horror
827,14,1,Sci-Fi
379,4,5,Sci-Fi
916,92,2,Documentary
723,95,2,Comedy
892,17,1,Adventure
430,16,1,Sci-Fi
455,82,1,Drama
322,13,5,Sci-Fi
285,25,5,Horror
756,3,3,Horror
858,87,3,Adventure
920,91,2,Drama
928,76,3,Sci-Fi
529,2,4,Action
427,86,1,Horror
67,25,5,Horror
152,94,3,Action
86,23,4,Adventure
46,36,5,Action
204,89,5,Romance
420,23,1,Adventure
319,36,5,Action
360,16,3,Sci-Fi
478,73,1,Adventure
580,60,1,Comedy
120,12,2,Comedy
748,12,2,Comedy
326,76,1,Sci-Fi
786,22,1,Drama
223,82,3,Drama
472,11,2,Action
316,88,2,Adventure
766,97,2,Drama
318,7,4,Comedy
723,37,2,Documentary
286,18,5,Sci-Fi
324,53,2,Documentary
856,25,3,Horror
905,26,2,Drama
303,34,4,Romance
271,12,4,Comedy
364,75,3,Comedy
358,99,5,Comedy
461,81,2,Documentary
38,75,4,Comedy
160,69,5,Action
216,90,4,Sci-Fi
356,83,3,Horror
213,44,5,Comedy
565,96,3,Drama
93,66,2,Horror
265,28,4,Romance
268,5,1,Sci-Fi
530,85,2,Sci-Fi
487,18,4,Sci-Fi
601,42,3,Romance
578,49,5,Sci-Fi
923,5,3,Sci-Fi
719,14,3,Sci-Fi
891,2,2,Action
432,61,3,Drama
345,83,1,Horror
192,46,3,Sci-Fi
167,60,5,Comedy
191,97,1,Drama
450,79,4,Documentary
608,74,4,Horror
749,52,4,Horror
855,32,3,Comedy
741,48,5,Comedy
346,62,4,Sci-Fi
308,6,2,Drama
782,65,1,Adventure
432,55,3,Drama
977,74,4,Horror
608,4,2,Sci-Fi
525,22,3,Drama
908,77,5,Romance
204,73,2,Adventure
134,85,3,Sci-Fi
808,7,1,Comedy
317,99,2,Comedy
821,45,4,Action
406,22,4,Drama
1,85,2,Sci-Fi
206,23,3,Adventure
315,11,2,Action
242,27,4,Sci-Fi
93,93,2,Comedy
158,88,5,Adventure
866,100,3,Adventure
6,62,2,Sci-Fi
353,13,4,Sci-Fi
564,88,4,Adventure
716,28,4,Romance
685,49,4,Sci-Fi
724,32,1,Comedy
397,17,3,Adventure
782,18,4,Sci-Fi
792,42,3,Romance
840,87,4,Adventure
612,51,5,Adventure
74,45,4,Action
686,95,5,Comedy
28,29,5,Comedy
183,99,2,Comedy
378,47,3,Horror
514,1,5,Comedy
614,97,4,Drama
937,10,2,Action
142,64,2,Documentary
46,28,3,Romance
446,12,3,Comedy
394,84,2,Drama
436,20,3,Horror
319,50,4,Comedy
36,34,4,Romance
184,21,4,Action
699,67,1,Sci-Fi
477,11,3,Action
703,94,1,Action
672,52,1,Horror
165,41,2,Horror
589,65,4,Adventure
703,59,1,Horror
498,84,4,Drama
433,99,1,Comedy
311,55,3,Drama
760,82,1,Drama
619,58,5,Sci-Fi
382,100,4,Adventure
730,43,5,Sci-Fi
996,47,1,Horror
805,23,4,Adventure
545,98,4,Adventure
892,87,1,Adventure
154,1,3,Comedy
971,91,5,Drama
265,26,5,Drama
833,79,4,Documentary
446,7,4,Comedy
289,6,1,Drama
889,63,4,Drama
376,7,5,Comedy
703,48,3,Comedy
436,44,3,Comedy
786,4,5,Sci-Fi
274,23,3,Adventure
366,54,1,Romance
458,42,3,Romance
652,5,5,Sci-Fi
115,46,1,Sci-Fi
545,95,4,Comedy
255,23,1,Adventure
548,13,2,Sci-Fi
745,19,4,Documentary
442,36,3,Action
996,59,5,Horror
250,94,5,Action
583,59,1,Horror
79,42,3,Romance
40,19,5,Documentary
742,82,1,Drama
392,66,1,Horror
346,82,3,Drama
433,52,1,Horror
189,96,3,Drama
739,84,1,Drama
857,56,1,Romance
813,25,5,Horror
268,39,5,Adventure
527,70,2,Sci-Fi
711,7,3,Comedy
588,61,2,Drama
779,56,3,Romance
765,89,2,Romance
284,65,1,Adventure
620,52,2,Horror
695,37,3,Documentary
6,53,2,Documentary
20,54,2,Romance
282,35,4,Horror
614,82,3,Drama
100,29,2,Comedy
19,91,3,Drama
227,9,5,Adventure
295,94,5,Action
847,59,5,Horror
431,82,5,Drama
337,70,4,Sci-Fi
488,72,1,Romance
352,44,3,Comedy
355,57,2,Romance
474,96,4,Drama
216,69,2,Action
690,50,3,Comedy
413,5,5,Sci-Fi
991,11,4,Action
575,45,1,Action
213,96,5,Drama
379,39,3,Adventure
769,41,4,Horror
691,60,1,Comedy
160,80,5,Adventure
171,80,3,Adventure
579,56,4,Romance
784,3,3,Horror
570,96,4,Drama
241,49,5,Sci-Fi
135,49,5,Sci-Fi
972,16,1,Sci-Fi
406,28,2,Romance
114,74,3,Horror
183,21,4,Action
564,53,3,Documentary
770,28,4,Romance
923,77,3,Romance
328,99,3,Comedy
646,14,3,Sci-Fi
515,69,5,Action
402,29,4,Comedy
507,97,4,Drama
294,58,2,Sci-Fi
947,23,4,Adventure
296,1,5,Comedy
850,43,4,Sci-Fi
672,23,1,Adventure
393,75,4,Comedy
998,54,4,Romance
194,82,1,Drama
634,29,2,Comedy
625,80,5,Adventure
83,77,5,Romance
750,53,1,Documentary
333,79,2,Documentary
171,73,4,Adventure
701,12,3,Comedy
24,96,5,Drama
905,84,4,Drama
566,66,2,Horror
871,21,4,Action
378,93,2,Comedy
180,61,2,Drama
331,17,3,Adventure
67,4,2,Sci-Fi
592,60,4,Comedy
251,88,5,Adventure
455,31,2,Adventure
997,60,5,Comedy
657,15,5,Action
858,43,2,Sci-Fi
251,60,1,Comedy
8,96,1,Drama
699,87,4,Adventure
888,67,4,Sci-Fi
883,50,1,Comedy
802,54,3,Romance
905,92,5,Documentary
124,92,5,Documentary
663,69,1,Action
450,62,1,Sci-Fi
300,51,1,Adventure
373,52,5,Horror
645,84,4,Drama
439,16,1,Sci-Fi
150,34,5,Romance
772,15,2,Action
376,53,3,Documentary
146,32,4,Comedy
216,34,1,Romance
338,83,1,Horror
470,91,4,Drama
771,32,3,Comedy
351,38,4,Comedy
339,58,3,Sci-Fi
582,36,5,Action
37,98,2,Adventure
152,67,3,Sci-Fi
27,29,3,Comedy
578,47,3,Horror
315,92,2,Documentary
582,82,3,Drama
487,92,4,Documentary
690,38,2,Comedy
762,89,2,Romance
151,78,3,Sci-Fi
880,50,3,Comedy
653,30,1,Comedy
872,28,5,Romance
311,19,5,Documentary
13,34,3,Romance
739,66,5,Horror
416,62,5,Sci-Fi
922,22,3,Drama
660,20,5,Horror
874,65,3,Adventure
536,48,4,Comedy
887,63,2,Drama
892,68,4,Romance
180,62,4,Sci-Fi
15,86,1,Horror
351,29,3,Comedy
212,29,2,Comedy
285,78,1,Sci-Fi
666,26,3,Drama
511,59,5,Horror
935,82,1,Drama
861,96,5,Drama
920,30,2,Comedy
373,86,1,Horror
409,81,1,Documentary
975,43,5,Sci-Fi
69,35,5,Horror
985,69,5,Action
894,11,1,Action
458,73,5,Adventure
254,32,3,Comedy
817,95,2,Comedy
707,84,2,Drama
234,89,4,Romance
182,6,5,Drama
273,71,3,Action
94,96,2,Drama
751,9,2,Adventure
536,39,1,Adventure
213,30,2,Comedy
600,98,5,Adventure
489,60,1,Comedy
550,7,3,Comedy
809,82,1,Drama
202,62,1,Sci-Fi
453,11,4,Action
203,13,5,Sci-Fi
604,28,5,Romance
499,39,5,Adventure
10,75,4,Comedy
882,15,4,Action
797,83,2,Horror
604,82,5,Drama
774,59,1,Horror
258,97,4,Drama
616,35,4,Horror
647,23,3,Adventure
520,62,5,Sci-Fi
291,83,3,Horror
271,69,2,Action
350,36,5,Action
516,40,4,Comedy
115,97,2,Drama
500,1,3,Comedy
915,66,4,Horror
508,21,2,Action
68,98,4,Adventure
690,39,1,Adventure
948,57,3,Romance
654,88,5,Adventure
843,24,2,Romance
798,14,2,Sci-Fi
219,40,5,Comedy
313,41,5,Horror
484,14,3,Sci-Fi
950,79,2,Documentary
585,87,2,Adventure
332,21,2,Action
785,51,2,Adventure
873,21,5,Action
679,21,3,Action
980,67,4,Sci-Fi
670,77,4,Romance
799,93,3,Comedy
235,34,4,Romance
957,39,3,Adventure
149,40,3,Comedy
745,46,3,Sci-Fi
461,40,4,Comedy
577,51,4,Adventure
6,98,4,Adventure
57,53,3,Documentary
662,18,4,Sci-Fi
786,36,1,Action
839,91,2,Drama
214,85,3,Sci-Fi
302,48,1,Comedy
330,55,4,Drama
334,72,5,Romance
757,26,2,Drama
633,65,4,Adventure
877,36,1,Action
77,32,2,Comedy
334,93,4,Comedy
965,93,5,Comedy
482,6,4,Drama
705,91,4,Drama
256,36,5,Action
601,49,1,Sci-Fi
104,8,3,Comedy
283,69,3,Action
449,37,1,Documentary
484,18,1,Sci-Fi
333,100,4,Adventure
845,20,2,Horror
604,39,5,Adventure
205,72,1,Romance
449,32,3,Comedy
587,70,3,Sci-Fi
571,68,3,Romance
707,3,2,Horror
791,99,1,Comedy
892,90,3,Sci-Fi
981,47,4,Horror
766,28,2,Romance
329,60,2,Comedy
472,47,3,Horror
204,87,3,Adventure
262,78,1,Sci-Fi
144,16,4,Sci-Fi
438,51,4,Adventure
818,7,5,Comedy
62,66,3,Horror
17,73,4,Adventure
33,65,3,Adventure
810,69,4,Action
290,74,3,Horror
650,9,1,Adventure
579,12,5,Comedy
800,15,5,Action
163,66,1,Horror
588,60,5,Comedy
666,25,1,Horror
786,88,4,Adventure
838,36,4,Action
463,95,2,Comedy
667,43,1,Sci-Fi
187,83,5,Horror
348,59,5,Horror
800,89,4,Romance
911,3,4,Horror
589,38,1,Comedy
639,50,1,Comedy
9,29,3,Comedy
438,20,3,Horror
877,29,5,Comedy
691,99,3,Comedy
546,59,2,Horror
789,74,3,Horror
915,92,5,Documentary
157,25,2,Horror
212,40,2,Comedy
104,4,5,Sci-Fi
617,6,2,Drama
554,45,1,Action
336,41,2,Horror
674,27,2,Sci-Fi
311,21,4,Action
278,30,2,Comedy
791,46,1,Sci-Fi
141,57,1,Romance
855,49,1,Sci-Fi
455,96,2,Drama
390,7,4,Comedy
450,52,2,Horror
211,99,4,Comedy
605,16,1,Sci-Fi
993,23,5,Adventure
936,75,5,Comedy
125,21,2,Action
124,63,5,Drama
367,96,3,Drama
426,25,2,Horror
93,65,3,Adventure
490,33,5,Romance
115,59,1,Horror
8,49,4,Sci-Fi
410,13,3,Sci-Fi
370,40,1,Comedy
445,84,3,Drama
235,90,1,Sci-Fi
667,83,4,Horror
897,61,1,Drama
975,36,3,Action
47,19,2,Documentary
182,73,1,Adventure
132,67,2,Sci-Fi
144,89,4,Romance
781,5,1,Sci-Fi
611,27,3,Sci-Fi
381,80,4,Adventure
844,21,4,Action
177,23,5,Adventure
989,20,2,Horror
374,15,2,Action
31,64,2,Documentary
314,52,3,Horror
931,34,5,Romance
329,4,1,Sci-Fi
340,4,4,Sci-Fi
36,95,2,Comedy
936,53,1,Documentary
553,49,5,Sci-Fi
740,68,2,Romance
162,13,1,Sci-Fi
358,29,1,Comedy
430,9,1,Adventure
992,61,4,Drama
426,69,4,Action
138,78,1,Sci-Fi
319,61,4,Drama
922,33,2,Romance
331,85,5,Sci-Fi
375,79,1,Documentary
490,64,5,Documentary
201,17,2,Adventure
528,17,2,Adventure
231,85,1,Sci-Fi
762,13,4,Sci-Fi
290,79,1,Documentary
256,29,3,Comedy
190,94,3,Action
337,91,4,Drama
685,76,5,Sci-Fi
530,74,3,Horror
779,17,3,Adventure
433,48,2,Comedy
594,95,1,Comedy
766,50,1,Comedy
814,26,2,Drama
15,19,1,Documentary
856,31,2,Adventure
407,42,1,Romance
586,62,4,Sci-Fi
879,45,2,Action
644,74,4,Horror
463,28,4,Romance
637,34,5,Romance
451,16,3,Sci-Fi
672,99,5,Comedy
947,44,3,Comedy
914,24,3,Romance
350,63,5,Drama
468,85,1,Sci-Fi
685,44,5,Comedy
270,9,3,Adventure
437,83,1,Horror
988,70,2,Sci-Fi
97,30,4,Comedy
850,15,1,Action
564,92,3,Documentary
130,45,3,Action
464,56,5,Romance
963,11,5,Action
187,51,5,Adventure
200,19,2,Documentary
795,3,2,Horror
752,96,3,Drama
539,77,2,Romance
577,68,5,Romance
49,69,3,Action
553,30,5,Comedy
171,48,2,Comedy
103,88,2,Adventure
651,82,5,Drama
232,97,2,Drama
554,79,4,Documentary
879,26,3,Drama
51,52,3,Horror
400,67,4,Sci-Fi
916,61,4,Drama
330,18,3,Sci-Fi
1,10,3,Action
726,72,3,Romance
214,94,5,Action
609,9,1,Adventure
774,53,2,Documentary
148,62,2,Sci-Fi
783,32,4,Comedy
806,21,4,Action
401,76,2,Sci-Fi
255,45,1,Action
232,36,2,Action
915,52,1,Horror
744,95,5,Comedy
968,87,2,Adventure
211,57,2,Romance
689,36,3,Action
12,82,1,Drama
534,40,5,Comedy
106,99,5,Comedy
483,30,4,Comedy
306,16,5,Sci-Fi
761,79,4,Documentary
158,10,3,Action
897,35,1,Horror
391,33,1,Romance
642,60,4,Comedy
600,22,4,Drama
777,38,2,Comedy
536,14,1,Sci-Fi
750,78,5,Sci-Fi
886,47,2,Horror
891,86,4,Horror
857,90,4,Sci-Fi
432,8,1,Comedy
886,99,3,Comedy
863,93,3,Comedy
927,33,5,Romance
337,54,3,Romance
366,11,1,Action
104,92,4,Documentary
249,75,4,Comedy
227,76,4,Sci-Fi
682,35,1,Horror
800,91,4,Drama
575,78,5,Sci-Fi
385,78,5,Sci-Fi
892,86,4,Horror
44,78,1,Sci-Fi
605,83,1,Horror
590,13,1,Sci-Fi
990,98,2,Adventure
370,75,5,Comedy
432,51,1,Adventure
356,83,4,Horror
873,59,5,Horror
885,67,1,Sci-Fi
963,52,4,Horror
686,4,2,Sci-Fi
581,24,1,Romance
646,43,1,Sci-Fi
300,53,1,Documentary
747,59,3,Horror
368,88,3,Adventure
361,32,3,Comedy
457,7,3,Comedy
470,90,3,Sci-Fi
788,21,2,Action
572,99,5,Comedy
664,42,4,Romance
772,45,2,Action
865,64,1,Documentary
342,46,5,Sci-Fi
552,95,2,Comedy
325,40,1,Comedy
937,93,1,Comedy
655,52,3,Horror
637,64,2,Documentary
775,49,2,Sci-Fi
272,91,4,Drama
360,44,4,Comedy
918,47,2,Horror
983,22,3,Drama
17,15,2,Action
596,40,5,Comedy
718,83,5,Horror
304,97,5,Drama
552,23,4,Adventure
634,90,1,Sci-Fi
204,12,1,Comedy
729,77,4,Romance
873,34,2,Romance
734,44,5,Comedy
363,51,2,Adventure
944,50,1,Comedy
866,95,3,Comedy
629,73,1,Adventure
332,29,4,Comedy
846,6,2,Drama
562,20,3,Horror
27,64,2,Documentary
854,89,2,Romance
252,29,4,Comedy
664,28,2,Romance
13,38,2,Comedy
988,3,5,Horror
495,57,4,Romance
570,71,5,Action
197,53,2,Documentary
869,67,5,Sci-Fi
410,81,5,Documentary
910,50,3,Comedy
724,47,3,Horror
442,48,3,Comedy
922,31,3,Adventure
554,46,1,Sci-Fi
982,89,2,Romance
330,90,2,Sci-Fi
815,69,5,Action
132,13,5,Sci-Fi
726,61,5,Drama
322,14,5,Sci-Fi
234,93,3,Comedy
735,90,5,Sci-Fi
841,29,4,Comedy
276,74,1,Horror
472,80,4,Adventure
510,76,4,Sci-Fi
67,22,1,Drama
574,58,5,Sci-Fi
666,8,3,Comedy
489,91,2,Drama
66,88,3,Adventure
67,93,3,Comedy
584,33,1,Romance
731,77,4,Romance
442,91,2,Drama
406,28,4,Romance
318,69,3,Action
339,30,5,Comedy
818,66,4,Horror
148,99,5,Comedy
698,76,3,Sci-Fi
884,1,5,Comedy
55,92,3,Documentary
602,16,1,Sci-Fi
629,9,5,Adventure
424,94,2,Action
751,25,2,Horror
616,100,2,Adventure
856,24,1,Romance
665,64,1,Documentary
340,12,1,Comedy
969,52,5,Horror
718,88,4,Adventure
825,53,4,Documentary
714,61,2,Drama
868,44,2,Comedy
99,40,3,Comedy
182,91,4,Drama
901,33,4,Romance
93,24,3,Romance
412,26,2,Drama
360,83,1,Horror
348,58,1,Sci-Fi
537,33,1,Romance
901,78,1,Sci-Fi
571,8,3,Comedy
98,22,1,Drama
987,68,1,Romance
5,42,4,Romance
314,4,5,Sci-Fi
577,48,1,Comedy
979,23,2,Adventure
652,80,4,Adventure
187,69,2,Action
1000,45,1,Action
894,88,2,Adventure
615,48,5,Comedy
182,57,2,Romance
520,20,4,Horror
32,80,1,Adventure
958,69,1,Action
827,40,3,Comedy
111,45,2,Action
605,67,2,Sci-Fi
922,13,4,Sci-Fi
198,78,2,Sci-Fi
628,44,4,Comedy
951,85,5,Sci-Fi
852,50,4,Comedy
967,15,5,Action
68,44,2,Comedy
375,19,2,Documentary
984,63,2,Drama
814,52,1,Horror
367,8,4,Comedy
831,85,5,Sci-Fi
102,67,1,Sci-Fi
680,84,3,Drama
934,68,5,Romance
589,90,5,Sci-Fi
535,51,5,Adventure
659,26,3,Drama
329,18,4,Sci-Fi
782,26,3,Drama
967,81,4,Documentary
414,56,4,Romance
85,63,1,Drama
504,14,3,Sci-Fi
575,62,5,Sci-Fi
399,40,4,Comedy
806,99,3,Comedy
790,88,1,Adventure
541,6,2,Drama
970,12,3,Comedy
914,76,5,Sci-Fi
556,23,3,Adventure
757,7,5,Comedy
29,7,3,Comedy
395,25,3,Horror
988,69,1,Action
844,88,4,Adventure
757,66,5,Horror
870,23,5,Adventure
380,88,1,Adventure
933,28,1,Romance
469,24,2,Romance
730,41,1,Horror
732,27,4,Sci-Fi
212,74,5,Horror
16,6,4,Drama
211,89,1,Romance
947,38,1,Comedy
927,31,3,Adventure
182,50,2,Comedy
381,52,1,Horror
160,19,5,Documentary
253,80,3,Adventure
904,55,5,Drama
728,81,3,Documentary
210,84,3,Drama
420,89,1,Romance
426,53,4,Documentary
285,25,4,Horror
260,77,1,Romance
642,89,4,Romance
43,90,4,Sci-Fi
132,85,2,Sci-Fi
73,82,1,Drama
119,21,4,Action
69,24,5,Romance
336,22,3,Drama
979,88,4,Adventure
292,69,3,Action
292,73,3,Adventure
112,98,1,Adventure
405,26,1,Drama
569,64,2,Documentary
131,67,1,Sci-Fi
481,62,1,Sci-Fi
115,30,1,Comedy
854,50,2,Comedy
86,98,1,Adventure
248,56,5,Romance
380,57,2,Romance
453,77,1,Romance
679,65,2,Adventure
787,27,3,Sci-Fi
45,73,1,Adventure
972,20,3,Horror
881,33,2,Romance
359,60,2,Comedy
924,83,1,Horror
401,49,2,Sci-Fi
970,38,5,Comedy
66,29,2,Comedy
643,25,3,Horror
674,93,4,Comedy
26,57,1,Romance
864,32,5,Comedy
542,37,5,Documentary
165,19,5,Documentary
988,41,1,Horror
115,88,1,Adventure
420,67,5,Sci-Fi
18,80,2,Adventure
742,42,3,Romance
40,19,1,Documentary
701,30,1,Comedy
391,1,5,Comedy
60,50,5,Comedy
123,29,1,Comedy
578,70,1,Sci-Fi
21,84,4,Drama
960,74,4,Horror
290,88,5,Adventure
397,58,2,Sci-Fi
700,63,5,Drama
257,45,4,Action
491,20,4,Horror
550,47,2,Horror
148,37,2,Documentary
987,50,3,Comedy
904,21,3,Action
758,3,4,Horror
825,39,2,Adventure
44,59,4,Horror
728,70,2,Sci-Fi
412,17,3,Adventure
214,52,4,Horror
905,54,4,Romance
752,58,4,Sci-Fi
976,50,4,Comedy
373,44,3,Comedy
682,52,2,Horror
741,68,2,Romance
252,28,2,Romance
583,25,5,Horror
373,60,5,Comedy
884,98,4,Adventure
384,83,3,Horror
219,51,2,Adventure
482,14,5,Sci-Fi
668,58,3,Sci-Fi
927,100,5,Adventure
423,7,2,Comedy
223,44,5,Comedy
912,21,4,Action
960,67,4,Sci-Fi
185,57,1,Romance
711,27,4,Sci-Fi
582,86,2,Horror
280,96,5,Drama
788,20,4,Horror
589,26,2,Drama
422,41,4,Horror
252,95,2,Comedy
781,63,3,Drama
626,98,5,Adventure
544,95,1,Comedy
693,13,1,Sci-Fi
88,3,1,Horror
943,7,3,Comedy
874,12,3,Comedy
954,46,2,Sci-Fi
762,20,2,Horror
315,9,3,Adventure
639,41,5,Horror
927,58,4,Sci-Fi
347,91,2,Drama
297,39,1,Adventure
822,72,2,Romance
923,20,2,Horror
426,16,5,Sci-Fi
933,80,4,Adventure
163,72,5,Romance
644,61,3,Drama
707,32,1,Comedy
680,19,4,Documentary
100,97,1,Drama
139,49,4,Sci-Fi
389,62,2,Sci-Fi
786,3,5,Horror
705,47,4,Horror
599,74,2,Horror
459,3,4,Horror
970,86,5,Horror
353,44,1,Comedy
908,48,1,Comedy
182,18,5,Sci-Fi
308,87,4,Adventure
939,20,1,Horror
958,86,2,Horror
985,82,3,Drama
300,92,1,Documentary
364,78,4,Sci-Fi
17,80,5,Adventure
428,22,3,Drama
872,33,2,Romance
526,36,5,Action
926,4,4,Sci-Fi
327,22,1,Drama
665,31,3,Adventure
270,58,4,Sci-Fi
346,6,3,Drama
768,98,4,Adventure
676,11,3,Action
565,5,2,Sci-Fi
893,80,1,Adventure
753,74,1,Horror
310,49,2,Sci-Fi
927,61,4,Drama
398,5,3,Sci-Fi
714,49,3,Sci-Fi
376,66,4,Horror
417,91,3,Drama
136,45,3,Action
566,25,4,Horror
289,35,1,Horror
936,58,1,Sci-Fi
825,86,3,Horror
883,66,1,Horror
24,17,1,Adventure
249,10,2,Action
383,9,2,Adventure
586,31,1,Adventure
885,10,1,Action
741,2,3,Action
892,80,1,Adventure
160,75,4,Comedy
647,43,1,Sci-Fi
628,16,1,Sci-Fi
722,18,2,Sci-Fi
941,96,1,Drama
191,12,1,Comedy
4,56,2,Romance
216,7,1,Comedy
397,42,5,Romance
198,61,2,Drama
726,64,5,Documentary
724,24,4,Romance
295,94,5,Action
886,8,4,Comedy
190,65,1,Adventure
82,23,2,Adventure
270,19,5,Documentary
590,25,1,Horror
720,98,1,Adventure
193,24,3,Romance
775,30,2,Comedy
405,82,5,Drama
304,77,4,Romance
519,82,3,Drama
224,55,3,Drama
845,45,2,Action
544,1,3,Comedy
289,97,2,Drama
67,8,1,Comedy
506,45,1,Action
635,97,4,Drama
82,87,4,Adventure
13,96,1,Drama
327,76,3,Sci-Fi
715,88,5,Adventure
695,9,5,Adventure
269,94,3,Action
462,46,4,Sci-Fi
380,64,3,Documentary
782,63,3,Drama
560,96,2,Drama
234,76,2,Sci-Fi
44,89,3,Romance
420,60,4,Comedy
333,52,4,Horror
890,60,4,Comedy
157,19,4,Documentary
430,4,2,Sci-Fi
808,41,4,Horror
892,81,2,Documentary
410,47,1,Horror
445,85,2,Sci-Fi
155,76,2,Sci-Fi
223,13,1,Sci-Fi
401,61,2,Drama
278,44,2,Comedy
23,64,4,Documentary
163,39,5,Adventure
285,30,2,Comedy
499,78,4,Sci-Fi
444,56,2,Romance
500,86,1,Horror
362,14,1,Sci-Fi
976,42,4,Romance
623,38,2,Comedy
241,67,4,Sci-Fi
823,28,4,Romance
503,2,3,Action
647,21,3,Action
646,40,5,Comedy
440,79,1,Documentary
614,17,5,Adventure
289,44,3,Comedy
827,89,2,Romance
379,73,4,Adventure
65,3,4,Horror
379,54,2,Romance
215,42,2,Romance
932,41,4,Horror
806,36,5,Action
349,74,3,Horror
716,25,2,Horror
989,42,5,Romance
995,30,5,Comedy
625,31,2,Adventure
501,73,4,Adventure
912,3,3,Horror
524,13,4,Sci-Fi
769,19,5,Documentary
330,11,5,Action
503,60,5,Comedy
923,94,3,Action
69,58,4,Sci-Fi
797,25,3,Horror
729,19,3,Documentary
869,100,1,Adventure
486,32,2,Comedy
649,1,3,Comedy
365,80,4,Adventure
576,19,3,Documentary
980,41,4,Horror
322,78,5,Sci-Fi
205,83,2,Horror
981,77,5,Romance
124,38,1,Comedy
754,25,5,Horror
819,65,3,Adventure
255,49,4,Sci-Fi
718,2,3,Action
268,27,2,Sci-Fi
304,4,1,Sci-Fi
668,83,4,Horror
81,48,4,Comedy
795,19,4,Documentary
641,49,5,Sci-Fi
161,77,4,Romance
777,41,1,Horror
960,36,4,Action
283,26,5,Drama
465,37,2,Documentary
601,17,3,Adventure
980,3,1,Horror
54,42,5,Romance
489,48,2,Comedy
323,93,4,Comedy
564,4,4,Sci-Fi
662,42,4,Romance
183,42,5,Romance
857,98,1,Adventure
660,37,3,Documentary
580,97,5,Drama
41,66,1,Horror
741,92,2,Documentary
509,9,1,Adventure
144,20,1,Horror
536,21,2,Action
95,97,3,Drama
996,46,3,Sci-Fi
84,53,3,Documentary
769,9,4,Adventure
411,70,1,Sci-Fi
538,54,4,Romance
712,20,5,Horror
843,12,2,Comedy
460,21,1,Action
782,34,2,Romance
246,8,5,Comedy
25,7,2,Comedy
491,6,1,Drama
225,98,2,Adventure
973,20,2,Horror
513,41,3,Horror
397,97,4,Drama
20,66,3,Horror
505,4,4,Sci-Fi
564,9,1,Adventure
205,76,1,Sci-Fi
214,30,5,Comedy
504,1,3,Comedy
719,11,5,Action
903,48,5,Comedy
921,22,4,Drama
218,20,5,Horror
8,81,5,Documentary
289,35,5,Horror
384,66,4,Horror
164,26,5,Drama
263,43,2,Sci-Fi
335,34,4,Romance
123,84,3,Drama
463,4,4,Sci-Fi
618,84,5,Drama
789,52,2,Horror
190,15,1,Action
397,14,2,Sci-Fi
205,98,5,Adventure
754,96,3,Drama
853,89,2,Romance
908,76,3,Sci-Fi
370,60,1,Comedy
664,81,2,Documentary
581,33,2,Romance
524,4,3,Sci-Fi
13,28,2,Romance
882,43,2,Sci-Fi
512,93,4,Comedy
738,42,4,Romance
401,78,2,Sci-Fi
943,63,4,Drama
575,77,3,Romance
815,86,2,Horror
80,79,1,Documentary
906,1,1,Comedy
635,7,1,Comedy
970,36,1,Action
311,57,4,Romance
747,73,2,Adventure
100,7,3,Comedy
221,83,2,Horror
995,55,3,Drama
78,36,4,Action
670,3,3,Horror
789,5,1,Sci-Fi
310,19,3,Documentary
468,27,1,Sci-Fi
942,82,1,Drama
902,61,2,Drama
15,15,1,Action
743,31,4,Adventure
891,75,5,Comedy
280,35,1,Horror
720,73,4,Adventure
65,94,2,Action
221,9,4,Adventure
695,49,1,Sci-Fi
39,64,4,Documentary
851,60,4,Comedy
180,2,5,Action
919,6,1,Drama
983,99,3,Comedy
727,37,4,Documentary
208,35,1,Horror
688,35,2,Horror
241,89,4,Romance
830,1,1,Comedy
895,73,4,Adventure
573,90,4,Sci-Fi
811,30,1,Comedy
294,47,1,Horror
613,48,4,Comedy
841,61,5,Drama
168,48,3,Comedy
744,71,5,Action
150,42,3,Romance
417,23,5,Adventure
412,48,4,Comedy
356,99,3,Comedy
152,87,4,Adventure
692,70,4,Sci-Fi
369,56,1,Romance
617,33,2,Romance
341,46,4,Sci-Fi
462,97,5,Drama
883,88,2,Adventure
912,6,3,Drama
519,81,2,Documentary
614,44,5,Comedy
648,96,2,Drama
872,74,2,Horror
836,27,4,Sci-Fi
84,54,1,Romance
514,70,1,Sci-Fi
533,14,5,Sci-Fi
5,33,5,Romance
681,22,2,Drama
701,91,3,Drama
501,15,3,Action
750,48,5,Comedy
960,51,5,Adventure
673,51,2,Adventure
591,45,4,Action
705,97,1,Drama
232,82,4,Drama
160,89,2,Romance
734,1,5,Comedy
820,14,4,Sci-Fi
148,10,3,Action
248,97,4,Drama
311,27,5,Sci-Fi
654,13,2,Sci-Fi
25,3,1,Horror
303,16,2,Sci-Fi
191,100,1,Adventure
69,33,4,Romance
974,16,4,Sci-Fi
968,46,4,Sci-Fi
11,90,5,Sci-Fi
308,44,4,Comedy
384,27,3,Sci-Fi
439,80,5,Adventure
942,62,5,Sci-Fi
608,6,4,Drama
33,64,3,Documentary
360,4,3,Sci-Fi
718,61,4,Drama
771,69,1,Action
433,89,5,Romance
636,45,4,Action
28,49,1,Sci-Fi
986,63,1,Drama
487,33,5,Romance
95,11,2,Action
742,92,1,Documentary
466,49,3,Sci-Fi
248,78,4,Sci-Fi
36,42,3,Romance
566,100,4,Adventure
222,79,4,Documentary
98,2,2,Action
608,87,1,Adventure
958,65,4,Adventure
71,65,2,Adventure
475,36,5,Action
398,69,1,Action
260,75,1,Comedy
715,67,4,Sci-Fi
179,58,3,Sci-Fi
875,21,1,Action
298,77,3,Romance
437,15,2,Action
992,10,2,Action
494,63,2,Drama
6,50,2,Comedy
792,49,1,Sci-Fi
310,24,2,Romance
349,88,5,Adventure
866,64,2,Documentary
731,57,1,Romance
104,22,2,Drama
136,95,5,Comedy
577,4,4,Sci-Fi
509,47,4,Horror
22,91,5,Drama
920,89,3,Romance
651,70,1,Sci-Fi
429,61,1,Drama
286,56,5,Romance
719,55,1,Drama
67,12,3,Comedy
899,86,3,Horror
487,52,5,Horror
942,32,2,Comedy
124,4,2,Sci-Fi
89,74,2,Horror
681,26,4,Drama
676,70,3,Sci-Fi
571,34,4,Romance
69,85,2,Sci-Fi
597,53,1,Documentary
574,6,2,Drama
208,19,3,Documentary
137,96,4,Drama
12,48,1,Comedy
523,2,1,Action
538,86,3,Horror
600,68,1,Romance
311,18,3,Sci-Fi
943,32,4,Comedy
821,28,2,Romance
680,61,4,Drama
491,28,1,Romance
177,50,5,Comedy
649,81,5,Documentary
880,10,2,Action
684,17,5,Adventure
149,98,1,Adventure
490,66,1,Horror
580,22,2,Drama
642,97,4,Drama
860,81,3,Documentary
961,29,3,Comedy
417,8,4,Comedy
44,42,4,Romance
29,25,3,Horror
401,58,5,Sci-Fi
857,29,2,Comedy
491,79,5,Documentary
911,53,2,Documentary
248,77,5,Romance
295,64,1,Documentary
444,77,1,Romance
428,9,5,Adventure
87,91,2,Drama
792,83,1,Horror
379,36,4,Action
288,60,3,Comedy
311,69,5,Action
335,40,4,Comedy
524,63,4,Drama
776,89,5,Romance
712,72,5,Romance
614,85,5,Sci-Fi
141,61,3,Drama
94,89,4,Romance
999,44,5,Comedy
530,79,1,Documentary
258,81,3,Documentary
957,35,3,Horror
609,66,2,Horror
321,42,2,Romance
580,25,3,Horror
996,40,2,Comedy
846,43,5,Sci-Fi
693,53,3,Documentary
271,77,4,Romance
686,85,2,Sci-Fi
787,79,2,Documentary
822,99,3,Comedy
195,88,3,Adventure
730,70,5,Sci-Fi
329,27,4,Sci-Fi
596,67,2,Sci-Fi
121,93,3,Comedy
654,32,2,Comedy
613,82,3,Drama
188,83,4,Horror
384,32,4,Comedy
496,92,3,Documentary
955,73,4,Adventure
551,44,2,Comedy
261,78,1,Sci-Fi
259,16,4,Sci-Fi
833,71,4,Action
4,9,2,Adventure
832,33,4,Romance
466,71,5,Action
841,36,5,Action
582,54,2,Romance
273,7,4,Comedy
644,63,5,Drama
111,61,4,Drama
397,41,1,Horror
144,24,1,Romance
371,98,1,Adventure
43,9,3,Adventure
111,71,5,Action
275,17,1,Adventure
948,96,4,Drama
210,6,5,Drama
62,2,1,Action
346,80,3,Adventure
292,56,2,Romance
237,29,5,Comedy
619,74,3,Horror
951,71,3,Action
861,31,2,Adventure
24,71,5,Action
325,98,2,Adventure
176,50,2,Comedy
555,79,1,Documentary
978,21,1,Action
585,95,5,Comedy
998,35,4,Horror
128,13,2,Sci-Fi
866,53,2,Documentary
248,59,5,Horror
170,23,2,Adventure
287,14,1,Sci-Fi
245,86,3,Horror
446,75,5,Comedy
870,50,4,Comedy
219,30,1,Comedy
868,11,4,Action
730,57,4,Romance
154,95,4,Comedy
872,79,4,Documentary
24,70,3,Sci-Fi
211,87,4,Adventure
448,68,3,Romance
330,3,4,Horror
520,79,4,Documentary
859,57,5,Romance
211,48,2,Comedy
721,10,5,Action
858,90,4,Sci-Fi
173,52,2,Horror
224,41,3,Horror
415,36,2,Action
733,38,2,Comedy
389,77,4,Romance
984,4,5,Sci-Fi
250,83,1,Horror
464,92,1,Documentary
399,74,3,Horror
369,49,1,Sci-Fi
503,56,4,Romance
932,55,1,Drama
448,33,3,Romance
235,35,3,Horror
934,34,4,Romance
162,22,2,Drama
875,75,5,Comedy
614,68,2,Romance
867,5,4,Sci-Fi
374,7,2,Comedy
93,91,2,Drama
95,79,5,Documentary
52,33,1,Romance
538,33,4,Romance
153,38,2,Comedy
880,56,3,Romance
892,24,2,Romance
420,40,2,Comedy
534,9,2,Adventure
893,12,5,Comedy
54,74,2,Horror
296,71,4,Action
965,55,2,Drama
242,3,2,Horror
618,92,1,Documentary
69,99,1,Comedy
276,23,5,Adventure
128,100,4,Adventure
567,98,3,Adventure
741,23,2,Adventure
547,24,2,Romance
806,2,3,Action
876,22,3,Drama
526,3,5,Horror
517,8,4,Comedy
139,22,1,Drama
481,20,2,Horror
248,78,3,Sci-Fi
588,36,4,Action
252,59,2,Horror
728,15,2,Action
166,82,5,Drama
773,6,1,Drama
387,18,1,Sci-Fi
295,59,5,Horror
819,63,4,Drama
564,70,4,Sci-Fi
911,68,4,Romance
986,83,5,Horror
363,78,5,Sci-Fi
736,96,4,Drama
770,33,5,Romance
960,53,2,Documentary
516,64,2,Documentary
825,5,2,Sci-Fi
76,77,3,Romance
863,39,1,Adventure
619,53,4,Documentary
385,39,3,Adventure
25,41,4,Horror
204,97,1,Drama
221,56,2,Romance
461,76,2,Sci-Fi
665,39,4,Adventure
251,19,1,Documentary
923,30,4,Comedy
259,63,4,Drama
478,92,4,Documentary
381,27,4,Sci-Fi
134,54,1,Romance
252,19,1,Documentary
303,48,1,Comedy
359,60,4,Comedy
909,84,4,Drama
80,77,3,Romance
364,66,5,Horror
489,6,4,Drama
70,46,3,Sci-Fi
199,40,5,Comedy
170,2,1,Action
150,96,5,Drama
277,8,1,Comedy
522,28,5,Romance
381,4,4,Sci-Fi
414,43,5,Sci-Fi
472,45,5,Action
335,37,3,Documentary
53,67,5,Sci-Fi
127,57,4,Romance
444,98,5,Adventure
38,86,5,Horror
747,96,5,Drama
519,9,2,Adventure
956,49,3,Sci-Fi
677,92,4,Documentary
750,93,3,Comedy
148,19,2,Documentary
96,79,4,Documentary
283,51,2,Adventure
43,6,3,Drama
13,18,2,Sci-Fi
429,73,2,Adventure
428,20,4,Horror
561,73,3,Adventure
939,27,1,Sci-Fi
68,21,1,Action
272,94,4,Action
806,9,2,Adventure
480,22,4,Drama
117,11,4,Action
832,44,5,Comedy
746,48,4,Comedy
979,34,5,Romance
572,71,3,Action
647,86,3,Horror
540,20,5,Horror
533,88,3,Adventure
826,77,2,Romance
232,3,4,Horror
495,35,3,Horror
963,66,3,Horror
511,93,4,Comedy
53,76,3,Sci-Fi
821,33,1,Romance
844,19,5,Documentary
229,29,2,Comedy
476,20,1,Horror
715,70,5,Sci-Fi
372,53,4,Documentary
430,73,3,Adventure
307,11,2,Action
167,80,4,Adventure
972,85,1,Sci-Fi
794,41,1,Horror
447,52,4,Horror
158,54,4,Romance
32,43,3,Sci-Fi
122,40,2,Comedy
499,63,4,Drama
603,28,4,Romance
441,31,3,Adventure
250,79,2,Documentary
345,21,5,Action
335,76,4,Sci-Fi
874,11,1,Action
85,11,1,Action
154,70,4,Sci-Fi
505,12,2,Comedy
53,1,4,Comedy
182,5,2,Sci-Fi
299,47,3,Horror
683,74,1,Horror
42,22,3,Drama
339,13,1,Sci-Fi
597,11,1,Action
630,1,2,Comedy
809,22,4,Drama
844,63,1,Drama
274,76,3,Sci-Fi
631,68,1,Romance
852,79,3,Documentary
142,9,4,Adventure
621,34,2,Romance
659,100,5,Adventure
99,64,5,Documentary
230,89,3,Romance
33,51,3,Adventure
681,21,4,Action
830,58,3,Sci-Fi
975,66,3,Horror
301,84,4,Drama
429,31,3,Adventure
683,42,2,Romance
247,60,2,Comedy
721,20,1,Horror
82,8,5,Comedy
897,16,2,Sci-Fi
111,58,2,Sci-Fi
153,93,1,Comedy
290,99,3,Comedy
705,41,5,Horror
245,92,4,Documentary
446,53,1,Documentary
953,83,5,Horror
747,76,3,Sci-Fi
960,91,2,Drama
918,61,1,Drama
373,21,4,Action
197,45,1,Action
51,5,3,Sci-Fi
399,24,4,Romance
475,85,4,Sci-Fi
803,91,3,Drama
461,18,3,Sci-Fi
764,91,4,Drama
675,41,5,Horror
889,90,2,Sci-Fi
8,22,3,Drama
426,12,4,Comedy
897,43,2,Sci-Fi
44,18,2,Sci-Fi
526,78,4,Sci-Fi
981,36,2,Action
739,24,4,Romance
40,99,1,Comedy
647,47,3,Horror
820,79,3,Documentary
346,1,1,Comedy
495,99,5,Comedy
207,28,2,Romance
341,88,5,Adventure
281,68,4,Romance
911,68,5,Romance
628,79,2,Documentary
446,99,1,Comedy
466,93,5,Comedy
561,38,5,Comedy
774,59,1,Horror
292,43,1,Sci-Fi
418,76,1,Sci-Fi
486,54,4,Romance
937,78,5,Sci-Fi
237,41,5,Horror
229,58,3,Sci-Fi
308,84,1,Drama
837,30,5,Comedy
261,51,3,Adventure
5,68,2,Romance
42,29,4,Comedy
245,51,1,Adventure
441,7,1,Comedy
822,36,5,Action
834,70,4,Sci-Fi
17,65,3,Adventure
788,77,1,Romance
509,75,2,Comedy
547,85,5,Sci-Fi
295,100,1,Adventure
876,31,4,Adventure
575,93,3,Comedy
182,70,2,Sci-Fi
15,88,4,Adventure
82,43,2,Sci-Fi
970,62,1,Sci-Fi
102,17,3,Adventure
174,85,3,Sci-Fi
688,33,4,Romance
166,55,2,Drama
747,21,3,Action
100,98,3,Adventure
317,70,5,Sci-Fi
655,9,1,Adventure
160,16,1,Sci-Fi
977,31,1,Adventure
798,99,3,Comedy
989,23,1,Adventure
784,58,3,Sci-Fi
125,65,5,Adventure
477,66,1,Horror
493,86,5,Horror
285,11,3,Action
808,12,3,Comedy
181,50,2,Comedy
559,33,1,Romance
933,80,1,Adventure
65,21,2,Action
351,21,5,Action
835,89,5,Romance
199,62,3,Sci-Fi
31,44,4,Comedy
812,97,4,Drama
107,66,4,Horror
218,22,2,Drama
636,82,4,Drama
793,76,1,Sci-Fi
1000,96,2,Drama
855,85,4,Sci-Fi
571,99,4,Comedy
397,42,3,Romance
204,6,1,Drama
464,25,1,Horror
585,46,1,Sci-Fi
681,48,3,Comedy
426,96,1,Drama
993,41,4,Horror
88,18,1,Sci-Fi
609,67,5,Sci-Fi
785,15,5,Action
140,61,4,Drama
567,71,3,Action
123,80,1,Adventure
806,82,3,Drama
252,40,5,Comedy
842,55,3,Drama
40,14,1,Sci-Fi
962,39,2,Adventure
713,34,4,Romance
157,36,3,Action
871,53,1,Documentary
999,68,3,Romance
77,64,3,Documentary
757,39,4,Adventure
24,4,3,Sci-Fi
336,24,1,Romance
891,18,5,Sci-Fi
618,77,1,Romance
372,15,1,Action
999,34,3,Romance
326,16,2,Sci-Fi
591,28,5,Romance
820,11,2,Action
51,36,3,Action
862,98,5,Adventure
773,70,1,Sci-Fi
832,92,5,Documentary
958,74,5,Horror
305,71,3,Action
103,52,1,Horror
320,54,1,Romance
674,43,3,Sci-Fi
759,7,2,Comedy
71,13,5,Sci-Fi
5,14,4,Sci-Fi
44,61,3,Drama
416,70,1,Sci-Fi
271,21,5,Action
963,72,2,Romance
84,43,2,Sci-Fi
190,84,5,Drama
718,14,1,Sci-Fi
482,28,2,Romance
174,95,5,Comedy
245,53,1,Documentary
698,67,3,Sci-Fi
591,94,2,Action
505,71,2,Action
61,56,2,Romance
628,86,4,Horror
198,68,3,Romance
353,18,4,Sci-Fi
998,76,4,Sci-Fi
933,75,3,Comedy
276,32,5,Comedy
877,16,4,Sci-Fi
262,83,5,Horror
510,1,1,Comedy
416,76,2,Sci-Fi
765,33,2,Romance
591,24,5,Romance
123,86,2,Horror
136,92,1,Documentary
237,32,1,Comedy
749,10,4,Action
137,28,3,Romance
983,15,5,Action
3,84,2,Drama
735,15,1,Action
424,14,3,Sci-Fi
212,58,2,Sci-Fi
151,93,1,Comedy
890,48,3,Comedy
421,49,5,Sci-Fi
697,36,4,Action
680,26,2,Drama
212,50,3,Comedy
193,86,2,Horror
502,63,3,Drama
448,7,3,Comedy
4,56,4,Romance
163,8,1,Comedy
767,59,5,Horror
297,27,4,Sci-Fi
114,37,2,Documentary
291,36,2,Action
437,99,1,Comedy
485,98,5,Adventure
67,76,4,Sci-Fi
357,39,2,Adventure
461,26,3,Drama
860,62,4,Sci-Fi
277,21,4,Action
226,57,2,Romance
18,100,2,Adventure
661,63,4,Drama
225,71,5,Action
658,19,1,Documentary
275,93,3,Comedy
535,33,1,Romance
279,85,5,Sci-Fi
819,40,4,Comedy
21,9,5,Adventure
981,14,2,Sci-Fi
921,37,3,Documentary
830,32,5,Comedy
877,79,5,Documentary
819,68,2,Romance
643,64,5,Documentary
4,20,1,Horror
336,99,5,Comedy
430,73,3,Adventure
2,62,2,Sci-Fi
192,14,3,Sci-Fi
739,98,4,Adventure
258,90,3,Sci-Fi
601,26,4,Drama
686,78,5,Sci-Fi
578,46,1,Sci-Fi
390,61,5,Drama
201,32,3,Comedy
47,44,3,Comedy
483,98,2,Adventure
546,43,4,Sci-Fi
234,56,5,Romance
17,89,1,Romance
106,73,2,Adventure
237,53,1,Documentary
210,60,4,Comedy
548,95,1,Comedy
106,88,5,Adventure
452,92,2,Documentary
227,95,2,Comedy
224,48,1,Comedy
38,33,1,Romance
941,76,4,Sci-Fi
124,36,5,Action
912,58,2,Sci-Fi
96,44,2,Comedy
627,16,1,Sci-Fi
825,33,5,Romance
550,96,2,Drama
46,61,3,Drama
555,22,1,Drama
949,63,2,Drama
815,53,3,Documentary
103,12,5,Comedy
597,30,5,Comedy
285,1,4,Comedy
714,45,3,Action
772,58,5,Sci-Fi
713,22,1,Drama
757,13,5,Sci-Fi
22,86,3,Horror
198,23,2,Adventure
240,95,1,Comedy
751,23,2,Adventure
848,27,2,Sci-Fi
136,38,4,Comedy
63,85,4,Sci-Fi
232,80,2,Adventure
33,16,2,Sci-Fi
376,81,3,Documentary
855,88,4,Adventure
158,89,1,Romance
854,21,4,Action
388,1,2,Comedy
384,5,5,Sci-Fi
180,88,4,Adventure
112,11,2,Action
217,10,2,Action
426,14,4,Sci-Fi
235,90,2,Sci-Fi
273,92,5,Documentary
731,72,5,Romance
973,76,5,Sci-Fi
338,58,2,Sci-Fi
849,77,5,Romance
677,73,2,Adventure
977,58,4,Sci-Fi
177,79,4,Documentary
286,41,3,Horror
621,28,1,Romance
201,52,3,Horror
385,99,5,Comedy
477,12,5,Comedy
119,89,2,Romance
923,7,2,Comedy
755,90,5,Sci-Fi
973,15,5,Action
491,51,5,Adventure
730,95,2,Comedy
55,67,2,Sci-Fi
552,30,2,Comedy
247,7,5,Comedy
879,78,5,Sci-Fi
906,10,2,Action
552,71,1,Action
348,68,5,Romance
96,34,3,Romance
341,71,2,Action
848,23,1,Adventure
438,63,2,Drama
144,29,1,Comedy
531,19,5,Documentary
453,10,4,Action
739,82,5,Drama
83,95,3,Comedy
472,22,3,Drama
868,44,1,Comedy
34,98,1,Adventure
799,4,1,Sci-Fi
884,93,1,Comedy
86,42,2,Romance
776,96,5,Drama
84,11,2,Action
493,13,4,Sci-Fi
803,69,3,Action
59,81,5,Documentary
27,93,2,Comedy
362,41,4,Horror
689,15,5,Action
662,38,3,Comedy
268,21,1,Action
559,19,5,Documentary
685,74,5,Horror
489,37,4,Documentary
535,99,1,Comedy
155,23,3,Adventure
514,80,1,Adventure
322,49,4,Sci-Fi
42,65,4,Adventure
479,4,1,Sci-Fi
614,7,1,Comedy
678,34,2,Romance
387,45,3,Action
91,47,5,Horror
282,68,2,Romance
415,49,5,Sci-Fi
126,31,4,Adventure
153,35,5,Horror
234,42,3,Romance
678,7,3,Comedy
318,22,5,Drama
385,94,1,Action
566,92,1,Documentary
641,61,1,Drama
417,27,2,Sci-Fi
421,78,5,Sci-Fi
572,59,5,Horror
364,3,5,Horror
798,82,5,Drama
190,17,1,Adventure
63,35,1,Horror
951,16,4,Sci-Fi
259,68,1,Romance
912,72,5,Romance
757,1,3,Comedy
641,94,3,Action
986,83,2,Horror
561,61,4,Drama
902,32,5,Comedy
199,49,2,Sci-Fi
542,83,1,Horror
410,35,2,Horror
159,87,1,Adventure
145,90,4,Sci-Fi
634,87,3,Adventure
744,22,5,Drama
586,83,3,Horror
418,39,2,Adventure
22,32,4,Comedy
775,92,2,Documentary
378,93,5,Comedy
442,28,1,Romance
318,100,3,Adventure
85,60,1,Comedy
842,50,3,Comedy
969,81,4,Documentary
161,46,3,Sci-Fi
776,38,1,Comedy
192,52,2,Horror
739,87,3,Adventure
349,70,2,Sci-Fi
301,25,1,Horror
685,11,4,Action
387,40,4,Comedy
812,36,3,Action
526,74,5,Horror
518,3,2,Horror
749,14,3,Sci-Fi
248,72,5,Romance
532,23,3,Adventure
340,93,2,Comedy
477,79,1,Documentary
690,89,3,Romance
39,38,1,Comedy
874,38,2,Comedy
210,28,2,Romance
994,98,3,Adventure
199,68,3,Romance
602,41,1,Horror
405,94,2,Action
827,19,1,Documentary
93,13,5,Sci-Fi
466,68,4,Romance
739,16,5,Sci-Fi
50,78,2,Sci-Fi
247,76,1,Sci-Fi
647,87,2,Adventure
505,28,2,Romance
415,83,3,Horror
232,6,4,Drama
876,5,1,Sci-Fi
980,11,5,Action
780,65,4,Adventure
777,42,4,Romance
98,60,5,Comedy
879,53,5,Documentary
738,68,1,Romance
11,24,2,Romance
841,4,1,Sci-Fi
601,14,3,Sci-Fi
798,54,1,Romance
563,17,5,Adventure
537,2,2,Action
705,49,3,Sci-Fi
484,82,4,Drama
271,94,3,Action
843,77,1,Romance
984,93,4,Comedy
939,1,5,Comedy
697,28,4,Romance
377,79,3,Documentary
138,8,1,Comedy
319,78,1,Sci-Fi
828,16,5,Sci-Fi
655,99,5,Comedy
294,14,5,Sci-Fi
300,29,2,Comedy
407,68,4,Romance
352,4,5,Sci-Fi
143,97,4,Drama
200,22,2,Drama
965,28,5,Romance
617,65,2,Adventure
76,31,4,Adventure
282,43,3,Sci-Fi
429,10,1,Action
262,5,3,Sci-Fi
134,67,5,Sci-Fi
418,96,1,Drama
850,47,1,Horror
797,44,2,Comedy
505,51,4,Adventure
446,96,1,Drama
532,89,1,Romance
120,96,2,Drama
437,100,1,Adventure
962,6,2,Drama
896,8,5,Comedy
907,27,3,Sci-Fi
400,51,5,Adventure
91,98,1,Adventure
396,20,4,Horror
75,42,2,Romance
103,23,2,Adventure
261,44,3,Comedy
54,56,5,Romance
564,24,4,Romance
586,14,4,Sci-Fi
642,63,4,Drama
782,72,2,Romance
637,27,5,Sci-Fi
852,34,3,Romance
768,6,1,Drama
248,39,5,Adventure
6,68,4,Romance
799,25,3,Horror
306,31,4,Adventure
884,86,5,Horror
755,68,2,Romance
418,6,2,Drama
240,83,3,Horror
630,93,1,Comedy
55,14,3,Sci-Fi
463,89,1,Romance
621,7,5,Comedy
378,73,5,Adventure
725,9,3,Adventure
293,74,2,Horror
958,3,4,Horror
262,75,2,Comedy
413,97,5,Drama
724,74,5,Horror
966,81,4,Documentary
786,80,5,Adventure
828,49,3,Sci-Fi
851,71,5,Action
778,77,4,Romance
92,67,3,Sci-Fi
149,69,3,Action
594,50,5,Comedy
255,19,3,Documentary
579,14,3,Sci-Fi
22,99,5,Comedy
909,40,5,Comedy
634,25,2,Horror
912,25,1,Horror
190,100,2,Adventure
302,100,2,Adventure
795,56,4,Romance
578,72,1,Romance
418,80,1,Adventure
572,61,2,Drama
408,82,1,Drama
469,98,4,Adventure
996,4,4,Sci-Fi
179,96,2,Drama
317,72,2,Romance
533,78,2,Sci-Fi
334,86,5,Horror
930,47,2,Horror
921,67,2,Sci-Fi
674,72,1,Romance
857,37,1,Documentary
919,45,4,Action
909,85,1,Sci-Fi
146,89,5,Romance
625,56,3,Romance
31,71,2,Action
416,76,3,Sci-Fi
558,87,2,Adventure
445,85,3,Sci-Fi
96,71,4,Action
587,49,3,Sci-Fi
417,81,1,Documentary
946,28,1,Romance
576,62,4,Sci-Fi
101,87,2,Adventure
785,25,5,Horror
322,74,3,Horror
946,97,1,Drama
258,25,3,Horror
409,70,2,Sci-Fi
247,76,3,Sci-Fi
871,66,3,Horror
642,6,1,Drama
853,22,4,Drama
771,29,1,Comedy
7,86,5,Horror
445,77,4,Romance
930,50,1,Comedy
57,15,4,Action
516,26,1,Drama
84,86,2,Horror
834,79,3,Documentary
844,4,1,Sci-Fi
969,9,4,Adventure
541,8,5,Comedy
664,36,1,Action
301,81,5,Documentary
75,95,3,Comedy
56,59,4,Horror
793,23,5,Adventure
201,75,4,Comedy
658,53,2,Documentary
52,94,3,Action
226,82,3,Drama
277,3,4,Horror
452,57,5,Romance
289,51,2,Adventure
60,92,4,Documentary
907,18,4,Sci-Fi
782,53,2,Documentary
611,18,3,Sci-Fi
20,72,1,Romance
764,63,4,Drama
945,50,1,Comedy
165,73,5,Adventure
69,99,3,Comedy
24,51,5,Adventure
691,69,3,Action
69,25,2,Horror
208,59,2,Horror
92,17,3,Adventure
367,92,2,Documentary
208,45,4,Action
112,60,5,Comedy
950,11,4,Action
11,27,2,Sci-Fi
695,14,1,Sci-Fi
618,21,1,Action
389,15,2,Action
769,55,2,Drama
845,66,3,Horror
136,60,4,Comedy
560,74,3,Horror
386,16,2,Sci-Fi
224,58,1,Sci-Fi
913,86,5,Horror
304,40,3,Comedy
607,7,2,Comedy
886,75,3,Comedy
49,19,4,Documentary
302,66,1,Horror
997,13,4,Sci-Fi
283,37,1,Documentary
243,58,2,Sci-Fi
699,33,1,Romance
408,61,5,Drama
111,19,4,Documentary
759,64,5,Documentary
175,24,1,Romance
15,21,1,Action
900,63,5,Drama
550,24,1,Romance
644,25,3,Horror
532,54,2,Romance
587,70,3,Sci-Fi
753,63,5,Drama
449,30,4,Comedy
888,30,5,Comedy
249,15,5,Action
182,70,3,Sci-Fi
419,4,3,Sci-Fi
235,74,4,Horror
983,95,1,Comedy
505,90,5,Sci-Fi
558,93,4,Comedy
413,88,1,Adventure
465,62,1,Sci-Fi
413,64,2,Documentary
922,52,5,Horror
799,19,1,Documentary
374,98,1,Adventure
386,70,2,Sci-Fi
87,85,2,Sci-Fi
185,29,3,Comedy
336,87,2,Adventure
89,51,3,Adventure
16,100,3,Adventure
553,58,1,Sci-Fi
704,34,4,Romance
584,20,1,Horror
536,84,2,Drama
75,74,2,Horror
336,73,4,Adventure
993,59,5,Horror
978,6,5,Drama
605,69,3,Action
241,56,5,Romance
624,70,3,Sci-Fi
803,70,1,Sci-Fi
976,21,2,Action
914,5,3,Sci-Fi
818,5,5,Sci-Fi
709,94,2,Action
679,70,4,Sci-Fi
999,93,5,Comedy
734,89,3,Romance
520,38,2,Comedy
306,78,3,Sci-Fi
867,95,5,Comedy
525,71,1,Action
663,11,3,Action
356,58,5,Sci-Fi
520,59,1,Horror
712,84,4,Drama
94,46,2,Sci-Fi
241,70,4,Sci-Fi
459,50,4,Comedy
201,70,2,Sci-Fi
27,79,4,Documentary
282,49,1,Sci-Fi
987,79,1,Documentary
737,81,4,Documentary
507,79,5,Documentary
505,50,5,Comedy
154,80,5,Adventure
938,56,5,Romance
510,92,2,Documentary
858,17,3,Adventure
529,74,2,Horror
506,96,1,Drama
810,83,5,Horror
326,88,5,Adventure
1,52,2,Horror
699,81,2,Documentary
378,7,3,Comedy
905,4,3,Sci-Fi
774,50,4,Comedy
746,80,3,Adventure
703,59,5,Horror
40,4,1,Sci-Fi
172,36,5,Action
181,100,3,Adventure
873,48,3,Comedy
258,24,5,Romance
403,59,5,Horror
404,26,2,Drama
362,79,3,Documentary
191,82,2,Drama
650,18,5,Sci-Fi
758,74,3,Horror
809,51,2,Adventure
888,25,5,Horror
984,74,1,Horror
349,52,2,Horror
267,11,3,Action
192,69,3,Action
740,62,2,Sci-Fi
936,44,4,Comedy
172,74,2,Horror
414,76,2,Sci-Fi
890,89,2,Romance
352,68,5,Romance
801,88,3,Adventure
105,29,5,Comedy
109,72,4,Romance
379,47,1,Horror
975,83,4,Horror
532,34,4,Romance
973,72,3,Romance
17,79,3,Documentary
775,63,3,Drama
845,34,2,Romance
8,25,3,Horror
644,80,1,Adventure
899,87,5,Adventure
845,74,1,Horror
949,15,4,Action
614,62,2,Sci-Fi
49,26,5,Drama
854,91,3,Drama
596,31,3,Adventure
813,5,1,Sci-Fi
859,47,2,Horror
404,40,1,Comedy
334,38,4,Comedy
111,42,3,Romance
208,14,2,Sci-Fi
747,23,3,Adventure
635,28,4,Romance
488,94,5,Action
100,31,4,Adventure
459,41,1,Horror
17,80,3,Adventure
976,20,1,Horror
291,99,1,Comedy
37,100,3,Adventure
182,59,4,Horror
631,68,1,Romance
713,76,5,Sci-Fi
485,72,1,Romance
620,94,2,Action
776,62,1,Sci-Fi
279,47,2,Horror
241,66,5,Horror
572,99,3,Comedy
412,21,2,Action
958,43,5,Sci-Fi
829,100,4,Adventure
427,8,3,Comedy
885,99,5,Comedy
519,54,4,Romance
552,57,3,Romance
306,22,2,Drama
505,91,3,Drama
523,44,3,Comedy
555,81,3,Documentary
751,76,4,Sci-Fi
988,47,3,Horror
807,92,5,Documentary
295,23,5,Adventure
132,39,5,Adventure
933,16,1,Sci-Fi
832,89,4,Romance
341,4,2,Sci-Fi
955,1,1,Comedy
44,20,3,Horror
382,82,2,Drama
601,83,2,Horror
75,31,2,Adventure
659,15,3,Action
890,41,1,Horror
214,1,3,Comedy
349,62,1,Sci-Fi
535,27,4,Sci-Fi
569,95,2,Comedy
699,13,3,Sci-Fi
311,37,5,Documentary
538,79,4,Documentary
396,76,5,Sci-Fi
734,63,2,Drama
512,89,2,Romance
434,58,4,Sci-Fi
737,38,4,Comedy
154,96,1,Drama
133,47,5,Horror
757,91,2,Drama
942,48,3,Comedy
215,9,5,Adventure
224,23,5,Adventure
828,14,2,Sci-Fi
195,9,2,Adventure
205,78,2,Sci-Fi
900,83,1,Horror
642,40,5,Comedy
95,8,4,Comedy
757,2,1,Action
533,32,4,Comedy
269,63,2,Drama
209,92,5,Documentary
475,45,1,Action
546,22,4,Drama
414,67,1,Sci-Fi
682,59,2,Horror
806,24,3,Romance
492,60,3,Comedy
267,96,3,Drama
576,81,3,Documentary
496,18,4,Sci-Fi
159,74,1,Horror
334,19,5,Documentary
93,66,4,Horror
392,85,5,Sci-Fi
247,94,1,Action
402,7,5,Comedy
890,24,4,Romance
984,16,4,Sci-Fi
180,9,4,Adventure
704,28,2,Romance
454,92,2,Documentary
949,73,5,Adventure
990,24,1,Romance
334,24,2,Romance
159,74,5,Horror
932,79,2,Documentary
759,53,2,Documentary
979,13,4,Sci-Fi
819,42,5,Romance
78,82,3,Drama
242,71,5,Action
148,31,2,Adventure
333,84,3,Drama
720,32,5,Comedy
877,70,2,Sci-Fi
328,72,3,Romance
274,54,1,Romance
501,93,4,Comedy
755,96,4,Drama
225,21,4,Action
297,32,1,Comedy
585,43,3,Sci-Fi
887,33,5,Romance
831,100,4,Adventure
626,92,1,Documentary
185,58,5,Sci-Fi
845,75,4,Comedy
3,24,5,Romance
179,57,1,Romance
166,8,3,Comedy
253,86,5,Horror
480,98,5,Adventure
933,64,1,Documentary
220,63,3,Drama
142,75,5,Comedy
969,67,2,Sci-Fi
134,20,1,Horror
832,87,1,Adventure
138,47,4,Horror
747,93,1,Comedy
562,25,2,Horror
39,6,3,Drama
780,71,4,Action
622,88,4,Adventure
532,65,5,Adventure
885,73,4,Adventure
358,88,2,Adventure
710,95,3,Comedy
684,66,3,Horror
190,31,5,Adventure
404,8,1,Comedy
207,3,3,Horror
310,31,4,Adventure
661,11,5,Action
876,74,3,Horror
113,59,1,Horror
356,21,2,Action
893,94,5,Action
921,12,1,Comedy
798,20,5,Horror
172,100,5,Adventure
768,45,1,Action
95,39,2,Adventure
490,36,5,Action
198,8,5,Comedy
844,26,1,Drama
591,54,4,Romance
85,27,5,Sci-Fi
512,12,5,Comedy
991,15,2,Action
408,7,2,Comedy
750,20,1,Horror
213,21,1,Action
888,88,4,Adventure
420,60,2,Comedy
55,15,5,Action
790,96,1,Drama
119,15,4,Action
413,14,2,Sci-Fi
936,24,1,Romance
124,80,1,Adventure
458,18,3,Sci-Fi
678,96,5,Drama
779,57,2,Romance
203,80,2,Adventure
38,38,5,Comedy
198,56,4,Romance
346,27,5,Sci-Fi
14,85,2,Sci-Fi
467,84,3,Drama
796,67,1,Sci-Fi
154,98,3,Adventure
181,13,1,Sci-Fi
292,3,5,Horror
700,51,5,Adventure
144,44,1,Comedy
591,86,3,Horror
138,20,5,Horror
294,49,2,Sci-Fi
18,76,2,Sci-Fi
718,47,3,Horror
739,49,1,Sci-Fi
830,95,1,Comedy
825,28,5,Romance
611,45,2,Action
798,89,5,Romance
509,3,1,Horror
235,59,1,Horror
146,36,2,Action
435,46,5,Sci-Fi
335,70,3,Sci-Fi
397,40,2,Comedy
218,4,3,Sci-Fi
965,10,2,Action
27,19,4,Documentary
953,7,4,Comedy
127,47,5,Horror
166,62,2,Sci-Fi
571,64,3,Documentary
62,22,5,Drama
635,8,4,Comedy
737,93,1,Comedy
442,55,5,Drama
23,53,2,Documentary
134,17,3,Adventure
544,84,1,Drama
351,41,3,Horror
976,21,1,Action
228,90,3,Sci-Fi
34,32,1,Comedy
128,3,5,Horror
372,52,4,Horror
578,99,4,Comedy
378,55,3,Drama
638,9,3,Adventure
454,76,3,Sci-Fi
381,37,4,Documentary
864,23,2,Adventure
258,62,1,Sci-Fi
141,33,4,Romance
445,1,1,Comedy
46,72,1,Romance
788,16,5,Sci-Fi
126,5,2,Sci-Fi
28,95,4,Comedy
568,30,1,Comedy
461,52,3,Horror
782,12,4,Comedy
166,55,5,Drama
44,70,1,Sci-Fi
530,13,3,Sci-Fi
459,14,2,Sci-Fi
607,4,1,Sci-Fi
998,44,1,Comedy
475,11,2,Action
521,6,4,Drama
464,14,2,Sci-Fi
56,60,2,Comedy
341,11,1,Action
833,37,3,Documentary
994,68,3,Romance
504,39,2,Adventure
821,52,2,Horror
117,91,2,Drama
26,3,5,Horror
446,24,3,Romance
545,68,3,Romance
458,55,4,Drama
611,33,4,Romance
31,27,1,Sci-Fi
575,1,3,Comedy
204,86,2,Horror
622,52,2,Horror
843,57,3,Romance
859,56,4,Romance
448,20,1,Horror
362,75,1,Comedy
538,31,2,Adventure
717,61,1,Drama
33,8,3,Comedy
413,54,4,Romance
103,40,3,Comedy
642,76,1,Sci-Fi
774,9,1,Adventure
52,58,5,Sci-Fi
498,86,4,Horror
128,33,1,Romance
21,96,3,Drama
600,31,5,Adventure
787,71,1,Action
841,92,5,Documentary
776,90,3,Sci-Fi
588,1,3,Comedy
256,86,1,Horror
325,23,1,Adventure
262,79,5,Documentary
514,5,5,Sci-Fi
305,83,5,Horror
842,64,4,Documentary
803,78,5,Sci-Fi
505,82,2,Drama
664,9,2,Adventure
475,76,4,Sci-Fi
702,16,4,Sci-Fi
392,78,5,Sci-Fi
768,38,1,Comedy
421,49,1,Sci-Fi
153,28,4,Romance
294,7,4,Comedy
492,74,3,Horror
255,30,2,Comedy
781,42,4,Romance
188,27,5,Sci-Fi
686,76,5,Sci-Fi
297,75,5,Comedy
934,15,5,Action
457,2,1,Action
729,34,2,Romance
905,56,2,Romance
27,28,4,Romance
53,66,4,Horror
840,70,2,Sci-Fi
109,12,4,Comedy
57,21,1,Action
646,85,3,Sci-Fi
98,70,1,Sci-Fi
241,48,5,Comedy
586,66,5,Horror
517,100,5,Adventure
460,19,1,Documentary
86,57,1,Romance
749,69,5,Action
641,76,3,Sci-Fi
951,85,5,Sci-Fi
32,10,5,Action
951,52,3,Horror
312,69,2,Action
165,98,1,Adventure
463,46,5,Sci-Fi
526,95,2,Comedy
585,57,5,Romance
383,57,1,Romance
553,23,1,Adventure
832,4,3,Sci-Fi
554,6,4,Drama
486,41,4,Horror
683,12,2,Comedy
863,25,4,Horror
577,11,3,Action
610,52,1,Horror
783,83,1,Horror
957,21,5,Action
913,64,5,Documentary
277,22,5,Drama
687,55,5,Drama
926,65,2,Adventure
475,93,4,Comedy
593,86,4,Horror
681,82,1,Drama
274,6,5,Drama
364,30,1,Comedy
265,12,5,Comedy
434,15,3,Action
438,6,4,Drama
922,71,2,Action
182,63,3,Drama
691,89,5,Romance
572,29,3,Comedy
741,49,3,Sci-Fi
110,100,4,Adventure
595,85,4,Sci-Fi
187,38,1,Comedy
907,78,4,Sci-Fi
719,82,3,Drama
856,79,4,Documentary
393,70,2,Sci-Fi
738,34,5,Romance
440,4,3,Sci-Fi
464,66,3,Horror
156,9,4,Adventure
12,20,5,Horror
347,14,4,Sci-Fi
146,21,3,Action
594,98,2,Adventure
846,81,4,Documentary
282,70,5,Sci-Fi
129,1,5,Comedy
991,74,2,Horror
273,69,4,Action
546,90,5,Sci-Fi
234,79,1,Documentary
902,56,2,Romance
265,51,4,Adventure
155,97,5,Drama
456,78,5,Sci-Fi
70,55,1,Drama
639,9,1,Adventure
308,10,2,Action
850,15,5,Action
918,97,2,Drama
367,85,5,Sci-Fi
656,21,2,Action
732,53,1,Documentary
239,28,4,Romance
737,53,1,Documentary
350,24,2,Romance
45,33,3,Romance
570,66,1,Horror
411,43,1,Sci-Fi
932,22,3,Drama
929,36,3,Action
508,19,3,Documentary
128,79,1,Documentary
440,41,1,Horror
894,25,3,Horror
281,4,5,Sci-Fi
427,52,1,Horror
482,97,4,Drama
919,96,1,Drama
791,67,2,Sci-Fi
717,34,5,Romance
552,74,5,Horror
646,6,5,Drama
555,94,1,Action
888,52,4,Horror
854,71,2,Action
100,35,1,Horror
454,35,4,Horror
530,14,2,Sci-Fi
860,42,5,Romance
190,51,4,Adventure
970,34,5,Romance
433,79,5,Documentary
633,32,5,Comedy
406,90,5,Sci-Fi
563,57,3,Romance
953,65,4,Adventure
581,40,1,Comedy
336,44,5,Comedy
268,41,1,Horror
114,16,5,Sci-Fi
139,93,5,Comedy
696,24,1,Romance
866,88,4,Adventure
370,32,4,Comedy
911,89,1,Romance
360,15,1,Action
486,11,4,Action
700,94,1,Action
233,77,5,Romance
771,99,5,Comedy
827,51,2,Adventure
432,41,2,Horror
421,91,2,Drama
103,66,5,Horror
267,42,3,Romance
614,8,4,Comedy
498,1,1,Comedy
26,77,5,Romance
309,18,3,Sci-Fi
544,75,3,Comedy
184,7,3,Comedy
943,49,4,Sci-Fi
699,36,5,Action
629,56,4,Romance
510,53,1,Documentary
335,56,3,Romance
166,2,3,Action
323,55,3,Drama
502,97,4,Drama
349,69,1,Action
585,58,3,Sci-Fi
787,41,2,Horror
197,65,5,Adventure
30,55,2,Drama
249,48,3,Comedy
819,52,4,Horror
803,17,2,Adventure
789,54,3,Romance
718,38,1,Comedy
112,51,3,Adventure
619,78,3,Sci-Fi
235,7,1,Comedy
712,87,4,Adventure
165,24,1,Romance
180,20,3,Horror
186,98,4,Adventure
439,62,4,Sci-Fi
319,52,2,Horror
783,41,5,Horror
69,50,1,Comedy
107,11,2,Action
288,91,1,Drama
95,48,5,Comedy
835,33,5,Romance
817,67,4,Sci-Fi
62,1,5,Comedy
16,14,4,Sci-Fi
603,67,4,Sci-Fi
493,92,4,Documentary
573,17,2,Adventure
896,11,2,Action
592,77,3,Romance
455,2,3,Action
457,18,4,Sci-Fi
812,34,2,Romance
654,55,1,Drama
151,94,1,Action
942,22,1,Drama
209,68,3,Romance
235,95,4,Comedy
351,30,4,Comedy
355,90,5,Sci-Fi
748,50,5,Comedy
50,60,5,Comedy
359,82,2,Drama
378,34,5,Romance
180,40,2,Comedy
127,86,5,Horror
712,97,2,Drama
516,42,3,Romance
371,97,3,Drama
49,5,4,Sci-Fi
261,40,3,Comedy
293,84,4,Drama
347,95,2,Comedy
891,26,1,Drama
115,18,2,Sci-Fi
158,92,4,Documentary
293,99,5,Comedy
630,98,4,Adventure
699,80,1,Adventure
462,57,4,Romance
783,27,2,Sci-Fi
681,38,2,Comedy
502,22,1,Drama
197,72,5,Romance
389,88,2,Adventure
840,10,4,Action
363,92,1,Documentary
671,70,1,Sci-Fi
821,9,5,Adventure
803,50,2,Comedy
847,6,3,Drama
337,92,2,Documentary
34,50,5,Comedy
812,30,3,Comedy
737,70,5,Sci-Fi
850,19,3,Documentary
640,30,3,Comedy
869,30,3,Comedy
13,5,1,Sci-Fi
528,9,4,Adventure
452,61,5,Drama
294,66,1,Horror
863,55,3,Drama
177,36,3,Action
261,86,3,Horror
268,34,4,Romance
55,69,2,Action
840,69,3,Action
705,9,4,Adventure
618,80,2,Adventure
462,91,5,Drama
110,2,3,Action
247,83,5,Horror
127,19,5,Documentary
468,65,5,Adventure
677,33,5,Romance
753,50,5,Comedy
582,75,4,Comedy
601,68,5,Romance
796,20,5,Horror
63,40,3,Comedy
493,75,2,Comedy
858,62,1,Sci-Fi
281,58,2,Sci-Fi
260,49,2,Sci-Fi
38,12,5,Comedy
554,96,4,Drama
728,33,2,Romance
275,17,2,Adventure
852,72,2,Romance
607,58,2,Sci-Fi
534,31,2,Adventure
582,14,2,Sci-Fi
1000,15,5,Action
512,4,4,Sci-Fi
943,21,5,Action
216,23,5,Adventure
888,66,1,Horror
729,74,5,Horror
947,28,2,Romance
150,16,1,Sci-Fi
836,15,1,Action
190,30,2,Comedy
911,1,1,Comedy
65,89,5,Romance
396,60,4,Comedy
389,15,1,Action
932,4,5,Sci-Fi
862,81,5,Documentary
688,72,4,Romance
733,50,1,Comedy
12,71,1,Action
838,38,2,Comedy
382,50,1,Comedy
296,8,2,Comedy
920,71,3,Action
951,41,2,Horror
657,11,5,Action
523,97,1,Drama
806,62,3,Sci-Fi
432,97,5,Drama
657,18,2,Sci-Fi
323,40,4,Comedy
888,76,3,Sci-Fi
853,87,1,Adventure
36,1,2,Comedy
751,99,1,Comedy
469,97,4,Drama
938,24,1,Romance
379,36,3,Action
976,96,5,Drama
389,57,1,Romance
340,3,1,Horror
447,56,4,Romance
433,35,1,Horror
76,2,4,Action
939,48,3,Comedy
889,12,1,Comedy
721,29,3,Comedy
2,58,5,Sci-Fi
332,13,4,Sci-Fi
629,76,3,Sci-Fi
791,80,4,Adventure
43,67,5,Sci-Fi
16,48,5,Comedy
779,25,4,Horror
430,71,2,Action
302,71,2,Action
387,69,5,Action
579,80,4,Adventure
164,50,5,Comedy
471,2,5,Action
240,70,4,Sci-Fi
572,72,5,Romance
920,82,5,Drama
122,61,5,Drama
699,85,4,Sci-Fi
801,79,1,Documentary
373,4,3,Sci-Fi
823,76,4,Sci-Fi
185,47,4,Horror
865,10,5,Action
466,49,1,Sci-Fi
710,77,2,Romance
130,3,1,Horror
136,56,3,Romance
466,81,5,Documentary
592,72,2,Romance
390,2,3,Action
81,71,1,Action
780,74,3,Horror
957,18,1,Sci-Fi
803,60,3,Comedy
344,66,3,Horror
995,16,4,Sci-Fi
499,59,3,Horror
724,12,2,Comedy
500,38,4,Comedy
617,24,1,Romance
99,70,5,Sci-Fi
149,36,1,Action
624,92,5,Documentary
413,18,4,Sci-Fi
273,23,2,Adventure
145,78,4,Sci-Fi
343,66,5,Horror
77,58,1,Sci-Fi
831,91,3,Drama
739,94,3,Action
273,17,1,Adventure
844,71,3,Action
698,38,3,Comedy
498,6,3,Drama
446,100,5,Adventure
130,1,5,Comedy
145,17,3,Adventure
509,1,5,Comedy
19,94,1,Action
65,81,4,Documentary
225,91,3,Drama
420,36,1,Action
471,22,2,Drama
848,18,3,Sci-Fi
868,61,2,Drama
516,21,5,Action
626,42,3,Romance
6,8,1,Comedy
498,67,5,Sci-Fi
188,21,3,Action
735,58,2,Sci-Fi
93,18,4,Sci-Fi
75,50,5,Comedy
947,99,3,Comedy
7,62,1,Sci-Fi
61,45,5,Action
657,90,1,Sci-Fi
94,15,5,Action
381,1,5,Comedy
183,60,1,Comedy
836,85,1,Sci-Fi
323,24,4,Romance
83,96,1,Drama
762,47,2,Horror
970,57,1,Romance
841,73,2,Adventure
205,6,1,Drama
474,10,4,Action
608,41,1,Horror
5,62,3,Sci-Fi
928,90,1,Sci-Fi
899,65,5,Adventure
805,40,5,Comedy
729,42,3,Romance
233,83,2,Horror
817,73,5,Adventure
480,53,5,Documentary
569,74,2,Horror
886,53,3,Documentary
135,77,3,Romance
286,61,1,Drama
424,94,1,Action
983,80,5,Adventure
948,19,4,Documentary
208,40,5,Comedy
85,28,1,Romance
37,34,3,Romance
47,20,3,Horror
794,72,5,Romance
413,29,2,Comedy
71,60,3,Comedy
219,94,3,Action
449,33,5,Romance
783,31,3,Adventure
893,20,4,Horror
543,8,4,Comedy
883,35,5,Horror
446,5,4,Sci-Fi
459,25,5,Horror
562,29,3,Comedy
913,39,5,Adventure
516,25,5,Horror
311,23,3,Adventure
820,30,4,Comedy
944,81,3,Documentary
416,18,5,Sci-Fi
49,43,3,Sci-Fi
55,58,4,Sci-Fi
950,36,1,Action
403,47,4,Horror
635,43,3,Sci-Fi
82,47,4,Horror
164,27,5,Sci-Fi
188,94,1,Action
609,5,5,Sci-Fi
960,43,3,Sci-Fi
110,6,4,Drama
645,90,3,Sci-Fi
749,4,5,Sci-Fi
105,30,1,Comedy
974,11,1,Action
474,100,5,Adventure
964,50,1,Comedy
616,88,1,Adventure
146,43,3,Sci-Fi
722,57,4,Romance
56,88,2,Adventure
173,82,1,Drama
416,92,5,Documentary
380,30,3,Comedy
838,35,1,Horror
699,23,1,Adventure
915,11,2,Action
187,57,3,Romance
804,73,3,Adventure
893,8,1,Comedy
162,54,1,Romance
81,41,1,Horror
346,28,2,Romance
929,45,5,Action
266,57,5,Romance
348,5,4,Sci-Fi
290,6,4,Drama
103,98,4,Adventure
722,25,2,Horror
475,77,5,Romance
51,46,5,Sci-Fi
691,47,1,Horror
936,30,1,Comedy
50,2,4,Action
295,87,5,Adventure
222,39,1,Adventure
209,89,5,Romance
122,1,3,Comedy
357,17,1,Adventure
900,28,4,Romance
47,65,5,Adventure
716,98,3,Adventure
66,10,5,Action
308,81,5,Documentary
932,13,2,Sci-Fi
670,44,5,Comedy
632,23,5,Adventure
368,45,2,Action
932,48,5,Comedy
349,19,1,Documentary
371,50,1,Comedy
35,8,4,Comedy
987,63,5,Drama
964,74,1,Horror
660,3,4,Horror
585,55,5,Drama
61,10,5,Action
397,92,4,Documentary
489,34,1,Romance
797,90,2,Sci-Fi
491,65,3,Adventure
712,88,2,Adventure
734,28,2,Romance
584,37,3,Documentary
595,90,3,Sci-Fi
883,29,1,Comedy
3,51,4,Adventure
470,49,2,Sci-Fi
343,42,1,Romance
224,21,3,Action
849,2,1,Action
506,28,4,Romance
321,33,2,Romance
921,51,2,Adventure
293,14,4,Sci-Fi
551,33,2,Romance
597,8,2,Comedy
678,74,2,Horror
225,29,3,Comedy
339,13,1,Sci-Fi
16,95,1,Comedy
586,6,4,Drama
860,87,1,Adventure
365,32,1,Comedy
653,98,5,Adventure
570,53,5,Documentary
260,32,1,Comedy
156,15,1,Action
394,51,4,Adventure
226,18,5,Sci-Fi
950,1,3,Comedy
918,87,3,Adventure
981,59,3,Horror
773,73,5,Adventure
809,70,4,Sci-Fi
332,73,2,Adventure
90,22,5,Drama
755,76,4,Sci-Fi
320,22,4,Drama
48,30,2,Comedy
430,86,2,Horror
817,2,2,Action
469,48,3,Comedy
534,24,1,Romance
262,60,4,Comedy
912,4,5,Sci-Fi
130,1,4,Comedy
118,12,3,Comedy
863,21,2,Action
731,97,5,Drama
7,24,2,Romance
442,90,2,Sci-Fi
102,83,5,Horror
743,85,2,Sci-Fi
70,46,5,Sci-Fi
805,16,5,Sci-Fi
587,63,1,Drama
703,47,5,Horror
97,56,1,Romance
792,15,5,Action
448,28,5,Romance
381,43,5,Sci-Fi
564,11,5,Action
902,41,5,Horror
768,60,4,Comedy
172,91,1,Drama
391,72,5,Romance
46,91,1,Drama
769,99,3,Comedy
940,31,4,Adventure
548,98,5,Adventure
879,28,1,Romance
561,49,5,Sci-Fi
966,20,5,Horror
931,75,4,Comedy
921,23,5,Adventure
283,43,3,Sci-Fi
888,7,1,Comedy
527,18,2,Sci-Fi
740,97,4,Drama
167,1,1,Comedy
182,71,2,Action
630,38,5,Comedy
131,81,2,Documentary
139,85,2,Sci-Fi
61,33,1,Romance
285,36,4,Action
286,84,2,Drama
749,17,5,Adventure
766,15,1,Action
432,47,5,Horror
617,91,2,Drama
718,2,2,Action
754,81,1,Documentary
131,5,2,Sci-Fi
52,36,2,Action
225,17,2,Adventure
735,57,4,Romance
368,17,1,Adventure
250,48,2,Comedy
43,100,2,Adventure
516,12,4,Comedy
344,7,4,Comedy
260,51,2,Adventure
3,88,1,Adventure
353,92,5,Documentary
237,57,4,Romance
471,46,4,Sci-Fi
925,75,1,Comedy
626,69,2,Action
136,99,1,Comedy
701,3,2,Horror
613,12,4,Comedy
700,88,1,Adventure
481,39,4,Adventure
886,78,1,Sci-Fi
882,21,5,Action
768,68,2,Romance
123,4,3,Sci-Fi
254,95,5,Comedy
841,36,1,Action
635,50,4,Comedy
167,20,5,Horror
84,26,1,Drama
430,63,1,Drama
514,8,3,Comedy
416,72,3,Romance
993,54,4,Romance
472,97,1,Drama
393,30,4,Comedy
953,20,1,Horror
585,66,4,Horror
371,47,1,Horror
311,75,3,Comedy
798,98,3,Adventure
308,84,1,Drama
452,56,4,Romance
202,88,3,Adventure
620,99,2,Comedy
735,29,5,Comedy
427,45,1,Action
310,83,5,Horror
386,22,4,Drama
195,17,2,Adventure
395,18,4,Sci-Fi
904,16,1,Sci-Fi
303,19,3,Documentary
222,53,2,Documentary
942,95,3,Comedy
964,84,5,Drama
713,42,3,Romance
690,20,1,Horror
696,66,5,Horror
652,6,5,Drama
753,64,5,Documentary
974,88,5,Adventure
101,95,5,Comedy
953,53,2,Documentary
655,31,3,Adventure
930,92,1,Documentary
674,77,5,Romance
700,49,3,Sci-Fi
226,26,5,Drama
347,31,2,Adventure
738,37,4,Documentary
998,24,3,Romance
683,8,3,Comedy
545,31,2,Adventure
252,34,2,Romance
973,5,2,Sci-Fi
80,11,3,Action
869,86,5,Horror
512,52,1,Horror
383,93,3,Comedy
379,60,4,Comedy
939,89,5,Romance
692,35,4,Horror
339,59,4,Horror
601,92,3,Documentary
740,99,3,Comedy
970,26,3,Drama
991,31,4,Adventure
380,73,4,Adventure
878,35,4,Horror
396,94,5,Action
796,65,4,Adventure
986,9,4,Adventure
214,36,2,Action
81,23,3,Adventure
293,48,1,Comedy
549,90,1,Sci-Fi
587,43,5,Sci-Fi
940,40,5,Comedy
90,44,2,Comedy
779,52,5,Horror
147,42,3,Romance
590,49,4,Sci-Fi
310,58,2,Sci-Fi
116,31,1,Adventure
465,36,2,Action
246,48,5,Comedy
122,35,2,Horror
395,16,3,Sci-Fi
54,86,3,Horror
667,70,5,Sci-Fi
201,32,2,Comedy
964,54,1,Romance
309,100,3,Adventure
908,40,2,Comedy
736,8,4,Comedy
581,53,2,Documentary
674,99,4,Comedy
232,14,1,Sci-Fi
31,69,1,Action
508,68,3,Romance
942,22,2,Drama
955,16,1,Sci-Fi
378,94,5,Action
458,12,5,Comedy
288,41,2,Horror
215,47,3,Horror
757,23,4,Adventure
911,65,4,Adventure
266,35,4,Horror
50,15,4,Action
199,83,2,Horror
891,83,1,Horror
709,68,4,Romance
816,44,2,Comedy
228,57,4,Romance
464,17,5,Adventure
441,52,3,Horror
417,25,2,Horror
480,1,1,Comedy
286,8,1,Comedy
948,98,3,Adventure
835,20,4,Horror
955,69,1,Action
26,48,3,Comedy
665,67,1,Sci-Fi
38,4,2,Sci-Fi
496,88,2,Adventure
747,17,1,Adventure
317,24,3,Romance
475,85,2,Sci-Fi
123,55,1,Drama
619,39,2,Adventure
991,74,1,Horror
788,28,4,Romance
542,81,1,Documentary
507,22,1,Drama
204,16,2,Sci-Fi
388,80,3,Adventure
360,91,2,Drama
531,100,4,Adventure
181,93,1,Comedy
616,83,2,Horror
590,93,4,Comedy
803,32,3,Comedy
131,93,3,Comedy
990,79,3,Documentary
848,85,2,Sci-Fi
932,31,2,Adventure
174,20,4,Horror
233,90,5,Sci-Fi
195,67,5,Sci-Fi
623,23,1,Adventure
295,47,4,Horror
708,89,2,Romance
801,46,2,Sci-Fi
133,30,4,Comedy
438,12,5,Comedy
359,5,4,Sci-Fi
407,12,1,Comedy
565,59,1,Horror
524,24,4,Romance
622,64,1,Documentary
783,65,2,Adventure
850,26,4,Drama
40,13,1,Sci-Fi
504,16,2,Sci-Fi
406,13,3,Sci-Fi
661,71,2,Action
915,72,5,Romance
648,24,1,Romance
987,64,4,Documentary
946,91,3,Drama
547,34,4,Romance
490,26,3,Drama
454,97,3,Drama
135,19,2,Documentary
994,28,2,Romance
146,21,5,Action
18,82,1,Drama
773,78,3,Sci-Fi
260,20,3,Horror
574,86,5,Horror
158,92,2,Documentary
183,94,3,Action
415,8,4,Comedy
188,80,3,Adventure
217,48,1,Comedy
922,50,2,Comedy
854,82,4,Drama
886,32,1,Comedy
876,83,1,Horror
545,8,3,Comedy
407,88,4,Adventure
283,14,2,Sci-Fi
7,63,3,Drama
235,72,3,Romance
791,16,5,Sci-Fi
332,20,1,Horror
910,85,1,Sci-Fi
226,100,4,Adventure
179,52,1,Horror
521,37,4,Documentary
235,74,4,Horror
673,47,4,Horror
65,41,3,Horror
810,61,1,Drama
371,41,3,Horror
583,10,2,Action
960,81,1,Documentary
378,12,4,Comedy
738,35,1,Horror
80,73,3,Adventure
338,55,3,Drama
18,73,1,Adventure
591,93,4,Comedy
607,28,5,Romance
329,58,5,Sci-Fi
509,46,2,Sci-Fi
62,62,1,Sci-Fi
831,18,1,Sci-Fi
260,22,4,Drama
1000,21,1,Action
73,80,4,Adventure
99,18,1,Sci-Fi
154,40,1,Comedy
964,26,5,Drama
250,97,4,Drama
928,80,4,Adventure
474,69,5,Action
663,59,4,Horror
38,73,5,Adventure
486,28,1,Romance
169,55,4,Drama
915,62,2,Sci-Fi
82,78,2,Sci-Fi
136,57,4,Romance
692,98,1,Adventure
472,44,5,Comedy
987,68,5,Romance
637,61,5,Drama
431,46,2,Sci-Fi
861,82,2,Drama
964,81,5,Documentary
922,90,3,Sci-Fi
208,15,5,Action
94,81,4,Documentary
337,40,2,Comedy
32,66,5,Horror
653,43,2,Sci-Fi
239,16,2,Sci-Fi
47,21,1,Action
601,9,3,Adventure
863,4,3,Sci-Fi
498,49,3,Sci-Fi
290,73,4,Adventure
819,37,4,Documentary
8,92,1,Documentary
2,18,4,Sci-Fi
992,72,4,Romance
406,40,3,Comedy
558,86,4,Horror
509,52,3,Horror
587,58,5,Sci-Fi
461,40,1,Comedy
430,26,4,Drama
912,45,4,Action
708,5,3,Sci-Fi
879,43,1,Sci-Fi
24,53,2,Documentary
362,41,2,Horror
482,26,1,Drama
603,95,4,Comedy
999,35,5,Horror
437,79,2,Documentary
986,60,4,Comedy
81,15,5,Action
666,46,2,Sci-Fi
583,90,4,Sci-Fi
229,42,2,Romance
51,89,3,Romance
608,60,1,Comedy
184,48,3,Comedy
113,21,5,Action
165,60,4,Comedy
691,27,4,Sci-Fi
307,31,1,Adventure
874,41,5,Horror
297,68,5,Romance
871,72,5,Romance
782,43,5,Sci-Fi
403,45,3,Action
424,85,4,Sci-Fi
254,39,3,Adventure
772,34,3,Romance
764,29,3,Comedy
727,33,1,Romance
811,40,5,Comedy
125,51,5,Adventure
951,78,5,Sci-Fi
251,97,5,Drama
249,91,3,Drama
283,75,4,Comedy
292,29,5,Comedy
903,35,4,Horror
271,3,5,Horror
778,87,5,Adventure
176,19,2,Documentary
49,76,3,Sci-Fi
513,54,2,Romance
620,93,4,Comedy
741,28,5,Romance
686,69,5,Action
597,35,1,Horror
256,21,1,Action
991,2,5,Action
457,17,1,Adventure
708,23,1,Adventure
882,62,1,Sci-Fi
491,42,3,Romance
921,67,3,Sci-Fi
198,37,4,Documentary
380,44,4,Comedy
820,75,2,Comedy
880,100,2,Adventure
39,32,1,Comedy
44,39,3,Adventure
581,56,3,Romance
391,9,2,Adventure
741,79,2,Documentary
581,7,1,Comedy
145,95,3,Comedy
110,18,1,Sci-Fi
209,94,4,Action
342,51,3,Adventure
542,91,5,Drama
402,25,3,Horror
597,44,4,Comedy
987,1,5,Comedy
963,56,1,Romance
945,74,5,Horror
224,9,3,Adventure
723,47,5,Horror
306,25,3,Horror
713,42,4,Romance
398,29,1,Comedy
75,29,5,Comedy
564,48,1,Comedy
907,27,3,Sci-Fi
912,24,2,Romance
849,53,2,Documentary
956,86,2,Horror
35,32,2,Comedy
318,59,3,Horror
188,34,4,Romance
213,84,1,Drama
20,39,2,Adventure
680,58,5,Sci-Fi
426,65,4,Adventure
801,70,1,Sci-Fi
34,71,3,Action
728,91,2,Drama
583,36,4,Action
772,75,1,Comedy
157,84,1,Drama
663,85,4,Sci-Fi
449,37,1,Documentary
477,34,2,Romance
39,39,2,Adventure
862,41,1,Horror
159,30,5,Comedy
813,47,1,Horror
168,21,5,Action
625,36,4,Action
401,44,2,Comedy
460,97,3,Drama
748,97,2,Drama
204,26,2,Drama
533,20,5,Horror
813,30,1,Comedy
140,3,2,Horror
339,52,5,Horror
111,28,2,Romance
899,2,2,Action
23,29,2,Comedy
260,53,4,Documentary
452,9,1,Adventure
687,55,4,Drama
374,2,4,Action
877,55,2,Drama
795,62,5,Sci-Fi
625,45,3,Action
256,96,1,Drama
178,36,3,Action
216,8,1,Comedy
965,23,2,Adventure
753,75,5,Comedy
789,34,4,Romance
175,31,1,Adventure
222,35,2,Horror
48,17,5,Adventure
304,59,1,Horror
970,75,1,Comedy
94,59,2,Horror
981,21,2,Action
300,7,3,Comedy
60,57,4,Romance
939,34,5,Romance
474,94,1,Action
852,61,4,Drama
329,34,4,Romance
109,80,5,Adventure
959,24,3,Romance
52,50,3,Comedy
656,70,2,Sci-Fi
550,57,2,Romance
808,87,4,Adventure
645,19,3,Documentary
518,9,2,Adventure
160,41,5,Horror
42,75,3,Comedy
395,51,5,Adventure
289,92,3,Documentary
937,65,2,Adventure
970,32,4,Comedy
256,81,2,Documentary
463,74,1,Horror
814,24,1,Romance
134,11,1,Action
49,16,5,Sci-Fi
469,66,1,Horror
242,90,3,Sci-Fi
705,71,4,Action
827,96,5,Drama
52,86,1,Horror
466,7,4,Comedy
299,89,1,Romance
818,81,2,Documentary
613,20,3,Horror
107,76,5,Sci-Fi
633,33,3,Romance
183,77,3,Romance
753,98,1,Adventure
506,14,2,Sci-Fi
180,19,4,Documentary
969,50,3,Comedy
256,29,5,Comedy
466,24,2,Romance
22,47,3,Horror
154,19,1,Documentary
385,23,4,Adventure
696,42,3,Romance
606,83,4,Horror
871,25,2,Horror
758,95,1,Comedy
709,70,2,Sci-Fi
208,38,3,Comedy
310,57,1,Romance
313,65,5,Adventure
512,66,5,Horror
595,43,1,Sci-Fi
278,60,1,Comedy
824,22,1,Drama
881,48,5,Comedy
700,49,5,Sci-Fi
701,45,1,Action
627,99,3,Comedy
195,88,4,Adventure
509,33,5,Romance
719,24,4,Romance
438,82,2,Drama
164,77,3,Romance
425,30,3,Comedy
190,58,4,Sci-Fi
486,41,2,Horror
164,46,5,Sci-Fi
158,3,4,Horror
83,52,3,Horror
556,11,2,Action
829,78,2,Sci-Fi
29,84,3,Drama
587,93,2,Comedy
155,76,3,Sci-Fi
120,10,3,Action
947,99,4,Comedy
224,6,2,Drama
606,41,3,Horror
776,86,5,Horror
412,30,4,Comedy
251,60,2,Comedy
662,53,2,Documentary
847,80,3,Adventure
681,98,2,Adventure
44,56,4,Romance
78,43,3,Sci-Fi
639,66,1,Horror
662,86,5,Horror
348,13,2,Sci-Fi
210,93,1,Comedy
229,84,5,Drama
779,6,1,Drama
280,74,5,Horror
873,29,2,Comedy
66,83,1,Horror
182,20,1,Horror
973,23,1,Adventure
382,96,3,Drama
524,85,1,Sci-Fi
729,48,5,Comedy
158,56,5,Romance
428,69,4,Action
412,39,1,Adventure
107,98,5,Adventure
113,68,3,Romance
269,72,5,Romance
60,50,3,Comedy
313,97,2,Drama
858,87,1,Adventure
44,50,2,Comedy
584,65,4,Adventure
453,82,5,Drama
492,32,3,Comedy
534,42,4,Romance
654,52,3,Horror
969,52,3,Horror
794,96,1,Drama
611,56,2,Romance
223,38,2,Comedy
115,79,2,Documentary
733,56,2,Romance
184,10,2,Action
188,3,3,Horror
707,9,1,Adventure
292,21,5,Action
260,69,2,Action
815,15,3,Action
751,63,5,Drama
940,73,1,Adventure
93,61,5,Drama
458,20,4,Horror
603,79,5,Documentary
628,36,5,Action
708,68,1,Romance
668,21,5,Action
716,26,1,Drama
754,71,1,Action
59,29,4,Comedy
433,53,1,Documentary
756,89,2,Romance
724,1,1,Comedy
6,45,2,Action
766,21,5,Action
345,25,5,Horror
406,25,1,Horror
4,42,1,Romance
335,23,3,Adventure
251,68,2,Romance
564,91,1,Drama
958,46,5,Sci-Fi
706,21,4,Action
863,79,2,Documentary
676,100,5,Adventure
786,79,1,Documentary
62,58,4,Sci-Fi
547,90,4,Sci-Fi
168,59,4,Horror
956,32,2,Comedy
182,72,2,Romance
904,65,5,Adventure
915,50,2,Comedy
220,62,4,Sci-Fi
922,96,1,Drama
518,44,1,Comedy
905,81,5,Documentary
935,97,4,Drama
182,51,4,Adventure
108,32,4,Comedy
566,40,1,Comedy
1,10,2,Action
159,85,5,Sci-Fi
811,21,2,Action
922,29,5,Comedy
157,13,5,Sci-Fi
870,66,2,Horror
358,24,4,Romance
755,77,1,Romance
542,62,3,Sci-Fi
726,98,1,Adventure
416,62,4,Sci-Fi
395,13,1,Sci-Fi
433,97,3,Drama
846,75,2,Comedy
7,82,5,Drama
536,13,3,Sci-Fi
254,99,1,Comedy
637,17,4,Adventure
622,57,4,Romance
120,59,5,Horror
712,15,3,Action
994,76,4,Sci-Fi
594,69,2,Action
555,89,3,Romance
359,85,4,Sci-Fi
183,95,1,Comedy
734,94,2,Action
719,51,4,Adventure
378,90,4,Sci-Fi
547,50,2,Comedy
627,46,5,Sci-Fi
850,13,2,Sci-Fi
332,58,2,Sci-Fi
316,79,5,Documentary
608,73,2,Adventure
352,42,2,Romance
617,35,4,Horror
644,82,1,Drama
783,57,3,Romance
908,18,5,Sci-Fi
883,78,1,Sci-Fi
456,35,4,Horror
147,98,5,Adventure
422,55,5,Drama
312,9,4,Adventure
588,80,4,Adventure
497,3,5,Horror
4,71,5,Action
469,40,4,Comedy
262,72,3,Romance
703,80,5,Adventure
292,52,3,Horror
78,66,2,Horror
822,78,5,Sci-Fi
868,39,1,Adventure
421,60,2,Comedy
296,59,5,Horror
967,81,3,Documentary
212,52,5,Horror
550,69,1,Action
390,38,5,Comedy
547,4,3,Sci-Fi
297,41,1,Horror
812,78,2,Sci-Fi
679,82,5,Drama
826,51,1,Adventure
335,22,1,Drama
856,5,2,Sci-Fi
409,18,4,Sci-Fi
41,51,4,Adventure
297,71,5,Action
924,8,1,Comedy
861,70,2,Sci-Fi
278,69,3,Action
368,67,1,Sci-Fi
789,29,1,Comedy
570,70,5,Sci-Fi
569,25,1,Horror
338,62,3,Sci-Fi
683,70,5,Sci-Fi
243,80,5,Adventure
755,61,3,Drama
854,96,1,Drama
567,45,4,Action
887,31,1,Adventure
153,58,3,Sci-Fi
938,2,1,Action
1,28,1,Romance
696,45,4,Action
779,87,4,Adventure
105,76,5,Sci-Fi
365,83,2,Horror
18,46,4,Sci-Fi
300,13,5,Sci-Fi
268,99,5,Comedy
197,57,5,Romance
681,38,4,Comedy
460,73,1,Adventure
515,98,4,Adventure
936,93,1,Comedy
670,16,5,Sci-Fi
484,21,4,Action
900,83,1,Horror
32,15,2,Action
438,48,1,Comedy
49,30,3,Comedy
941,38,3,Comedy
973,33,2,Romance
616,77,1,Romance
403,62,3,Sci-Fi
682,44,4,Comedy
573,52,3,Horror
169,39,1,Adventure
387,19,2,Documentary
120,42,3,Romance
626,77,4,Romance
894,62,2,Sci-Fi
323,55,2,Drama
189,24,1,Romance
624,2,3,Action
242,28,3,Romance
451,4,3,Sci-Fi
511,40,4,Comedy
923,50,3,Comedy
555,37,3,Documentary
382,77,2,Romance
616,56,3,Romance
175,13,2,Sci-Fi
548,29,3,Comedy
7,63,1,Drama
993,18,3,Sci-Fi
342,94,3,Action
224,14,2,Sci-Fi
719,77,1,Romance
4,95,2,Comedy
404,17,2,Adventure
970,12,1,Comedy
952,92,4,Documentary
243,100,2,Adventure
649,60,4,Comedy
161,55,3,Drama
549,83,5,Horror
750,32,5,Comedy
355,72,3,Romance
730,87,3,Adventure
568,42,2,Romance
186,75,3,Comedy
175,88,3,Adventure
144,92,3,Documentary
104,52,1,Horror
515,42,4,Romance
378,79,1,Documentary
460,9,1,Adventure
345,7,5,Comedy
873,82,1,Drama
372,40,5,Comedy
95,34,4,Romance
466,40,3,Comedy
483,30,3,Comedy
654,28,3,Romance
791,19,3,Documentary
449,68,3,Romance
115,60,1,Comedy
365,75,3,Comedy
720,74,4,Horror
205,34,3,Romance
868,78,2,Sci-Fi
38,43,2,Sci-Fi
501,66,5,Horror
32,29,2,Comedy
128,68,2,Romance
432,11,1,Action
705,26,2,Drama
846,83,5,Horror
941,77,2,Romance
438,5,5,Sci-Fi
486,65,5,Adventure
911,23,5,Adventure
70,46,2,Sci-Fi
492,70,4,Sci-Fi
202,2,3,Action
848,72,4,Romance
189,41,1,Horror
321,24,1,Romance
456,89,3,Romance
419,42,2,Romance
949,42,2,Romance
495,66,1,Horror
104,66,5,Horror
885,14,3,Sci-Fi
436,88,4,Adventure
193,38,3,Comedy
891,49,4,Sci-Fi
90,95,4,Comedy
454,96,4,Drama
956,21,5,Action
829,51,5,Adventure
955,9,3,Adventure
230,27,4,Sci-Fi
140,76,5,Sci-Fi
590,33,4,Romance
645,56,3,Romance
995,44,1,Comedy
625,76,5,Sci-Fi
600,4,1,Sci-Fi
115,7,5,Comedy
610,71,3,Action
492,30,5,Comedy
18,69,2,Action
853,88,3,Adventure
168,13,1,Sci-Fi
554,77,4,Romance
680,67,3,Sci-Fi
927,37,2,Documentary
667,38,4,Comedy
284,95,5,Comedy
796,67,3,Sci-Fi
635,97,5,Drama
742,59,5,Horror
380,57,2,Romance
575,48,4,Comedy
337,82,5,Drama
357,97,5,Drama
130,67,1,Sci-Fi
863,76,1,Sci-Fi
184,19,1,Documentary
452,96,5,Drama
474,94,5,Action
624,85,1,Sci-Fi
840,18,3,Sci-Fi
542,70,2,Sci-Fi
655,78,4,Sci-Fi
921,11,4,Action
15,43,5,Sci-Fi
542,39,3,Adventure
948,43,1,Sci-Fi
809,35,2,Horror
436,64,2,Documentary
536,51,5,Adventure
108,11,2,Action
744,28,1,Romance
215,68,5,Romance
350,97,4,Drama
870,69,1,Action
794,11,5,Action
252,79,4,Documentary
855,69,1,Action
282,44,5,Comedy
12,3,5,Horror
673,93,5,Comedy
646,22,1,Drama
456,60,5,Comedy
49,48,3,Comedy
152,72,4,Romance
947,55,5,Drama
213,29,3,Comedy
92,81,3,Documentary
763,65,5,Adventure
769,3,4,Horror
985,96,1,Drama
788,86,3,Horror
200,17,4,Adventure
21,96,1,Drama
125,74,2,Horror
807,75,1,Comedy
11,32,5,Comedy
129,74,4,Horror
315,18,3,Sci-Fi
358,16,2,Sci-Fi
741,55,1,Drama
588,8,5,Comedy
336,69,1,Action
877,65,1,Adventure
44,37,3,Documentary
63,18,3,Sci-Fi
218,92,4,Documentary
212,52,1,Horror
928,44,5,Comedy
509,27,4,Sci-Fi
776,52,2,Horror
937,57,1,Romance
223,89,3,Romance
522,93,5,Comedy
411,73,2,Adventure
215,46,2,Sci-Fi
818,80,1,Adventure
722,1,3,Comedy
558,42,4,Romance
93,47,3,Horror
462,86,2,Horror
89,84,3,Drama
882,50,4,Comedy
246,75,4,Comedy
582,24,3,Romance
356,15,1,Action
389,38,2,Comedy
403,87,5,Adventure
44,85,2,Sci-Fi
859,66,2,Horror
483,63,2,Drama
468,4,2,Sci-Fi
558,77,4,Romance
785,84,4,Drama
420,1,3,Comedy
937,32,3,Comedy
182,67,1,Sci-Fi
387,33,3,Romance
71,91,4,Drama
79,5,1,Sci-Fi
639,90,4,Sci-Fi
982,42,2,Romance
343,69,3,Action
420,34,1,Romance
999,48,1,Comedy
39,25,5,Horror
560,1,2,Comedy
503,28,1,Romance
271,19,4,Documentary
430,27,4,Sci-Fi
138,66,1,Horror
270,82,3,Drama
693,35,4,Horror
119,68,5,Romance
236,76,3,Sci-Fi
814,28,1,Romance
590,53,5,Documentary
817,6,4,Drama
508,52,3,Horror
712,97,5,Drama
642,89,1,Romance
584,23,2,Adventure
518,69,3,Action
962,79,5,Documentary
466,98,3,Adventure
893,41,3,Horror
115,91,2,Drama
852,99,3,Comedy
551,96,4,Drama
140,63,1,Drama
465,35,2,Horror
22,83,4,Horror
826,71,5,Action
123,14,4,Sci-Fi
860,35,1,Horror
208,40,2,Comedy
605,65,5,Adventure
923,9,5,Adventure
506,27,5,Sci-Fi
482,57,3,Romance
985,66,2,Horror
750,30,2,Comedy
415,37,4,Documentary
461,2,3,Action
97,30,1,Comedy
620,2,5,Action
936,15,3,Action
198,66,4,Horror
993,3,2,Horror
559,17,4,Adventure
137,45,3,Action
807,22,1,Drama
947,34,1,Romance
671,22,2,Drama
916,11,5,Action
36,93,3,Comedy
462,60,2,Comedy
8,35,3,Horror
68,3,1,Horror
725,89,4,Romance
707,76,3,Sci-Fi
103,73,2,Adventure
164,35,3,Horror
800,31,5,Adventure
659,10,1,Action
637,62,5,Sci-Fi
317,13,2,Sci-Fi
148,97,3,Drama
558,60,1,Comedy
602,94,5,Action
487,20,4,Horror
262,74,4,Horror
210,24,2,Romance
383,11,4,Action
863,39,2,Adventure
190,38,1,Comedy
272,89,2,Romance
177,54,1,Romance
111,69,5,Action
53,5,2,Sci-Fi
313,49,5,Sci-Fi
442,13,4,Sci-Fi
221,7,4,Comedy
13,20,5,Horror
409,58,2,Sci-Fi
58,20,1,Horror
33,77,3,Romance
799,31,4,Adventure
915,54,2,Romance
72,74,3,Horror
202,53,5,Documentary
598,4,1,Sci-Fi
348,60,4,Comedy
620,41,1,Horror
62,13,4,Sci-Fi
250,18,3,Sci-Fi
979,73,1,Adventure
27,60,2,Comedy
631,60,1,Comedy
195,97,1,Drama
671,58,2,Sci-Fi
165,12,1,Comedy
210,70,4,Sci-Fi
580,6,5,Drama
484,10,4,Action
508,19,2,Documentary
123,4,3,Sci-Fi
324,91,3,Drama
762,53,1,Documentary
508,15,5,Action
172,71,1,Action
486,1,4,Comedy
263,40,2,Comedy
417,7,2,Comedy
845,29,3,Comedy
301,17,2,Adventure
370,19,1,Documentary
664,51,1,Adventure
148,44,2,Comedy
220,76,3,Sci-Fi
774,11,2,Action
978,94,1,Action
598,35,3,Horror
760,58,4,Sci-Fi
905,24,4,Romance
632,3,2,Horror
691,24,4,Romance
657,81,3,Documentary
324,13,2,Sci-Fi
946,17,4,Adventure
419,11,4,Action
618,39,5,Adventure
25,87,2,Adventure
277,45,3,Action
599,70,3,Sci-Fi
115,49,1,Sci-Fi
135,14,1,Sci-Fi
589,86,1,Horror
328,69,5,Action
945,12,2,Comedy
825,56,5,Romance
902,52,3,Horror
751,78,5,Sci-Fi
907,53,3,Documentary
491,72,4,Romance
811,66,4,Horror
130,28,4,Romance
389,8,1,Comedy
513,68,3,Romance
320,59,3,Horror
25,66,2,Horror
449,85,5,Sci-Fi
1000,12,5,Comedy
113,74,1,Horror
503,38,5,Comedy
867,73,2,Adventure
88,56,3,Romance
45,7,4,Comedy
585,95,5,Comedy
956,99,2,Comedy
403,78,2,Sci-Fi
854,26,3,Drama
236,36,5,Action
276,66,4,Horror
277,58,1,Sci-Fi
517,21,1,Action
230,74,5,Horror
421,41,3,Horror
443,24,2,Romance
732,2,2,Action
68,22,2,Drama
762,94,4,Action
703,96,2,Drama
888,2,3,Action
925,43,1,Sci-Fi
900,27,2,Sci-Fi
3,8,1,Comedy
19,71,5,Action
386,32,3,Comedy
762,92,4,Documentary
465,31,5,Adventure
114,79,1,Documentary
4,67,5,Sci-Fi
586,99,5,Comedy
93,16,3,Sci-Fi
122,52,1,Horror
24,75,1,Comedy
394,73,2,Adventure
841,31,2,Adventure
702,64,2,Documentary
957,59,5,Horror
690,69,5,Action
745,59,5,Horror
46,50,1,Comedy
555,94,3,Action
308,70,1,Sci-Fi
966,71,4,Action
492,34,4,Romance
251,6,1,Drama
24,77,5,Romance
528,36,2,Action
256,56,1,Romance
912,13,2,Sci-Fi
976,58,1,Sci-Fi
952,13,5,Sci-Fi
904,11,3,Action
95,85,5,Sci-Fi
569,83,3,Horror
711,34,3,Romance
514,19,5,Documentary
986,40,2,Comedy
997,3,2,Horror
652,34,1,Romance
71,47,2,Horror
332,98,2,Adventure
285,53,4,Documentary
31,58,3,Sci-Fi
385,74,5,Horror
612,33,3,Romance
596,91,3,Drama
884,52,4,Horror
453,19,1,Documentary
98,8,5,Comedy
142,35,1,Horror
830,18,5,Sci-Fi
933,12,5,Comedy
156,18,2,Sci-Fi
526,58,5,Sci-Fi
945,99,3,Comedy
992,1,2,Comedy
985,51,2,Adventure
35,68,3,Romance
513,9,4,Adventure
269,89,3,Romance
927,18,4,Sci-Fi
233,46,2,Sci-Fi
422,40,2,Comedy
974,29,3,Comedy
466,3,1,Horror
302,12,2,Comedy
635,13,5,Sci-Fi
974,18,5,Sci-Fi
719,43,1,Sci-Fi
563,15,4,Action
961,9,2,Adventure
806,81,3,Documentary
355,73,1,Adventure
294,86,4,Horror
118,5,1,Sci-Fi
476,78,2,Sci-Fi
225,8,3,Comedy
437,53,1,Documentary
56,11,2,Action
576,32,5,Comedy
147,59,1,Horror
31,12,2,Comedy
206,17,5,Adventure
753,81,4,Documentary
71,45,1,Action
129,4,3,Sci-Fi
970,69,3,Action
12,64,4,Documentary
446,97,3,Drama
230,99,3,Comedy
320,49,1,Sci-Fi
994,40,2,Comedy
916,19,4,Documentary
430,29,3,Comedy
393,4,1,Sci-Fi
637,12,3,Comedy
243,1,3,Comedy
512,93,2,Comedy
988,94,3,Action
504,20,3,Horror
241,45,5,Action
985,54,1,Romance
503,53,5,Documentary
174,21,3,Action
776,13,2,Sci-Fi
846,59,2,Horror
404,58,1,Sci-Fi
522,51,4,Adventure
721,50,3,Comedy
955,90,4,Sci-Fi
976,20,2,Horror
283,10,5,Action
901,57,4,Romance
873,70,4,Sci-Fi
523,35,5,Horror
301,61,4,Drama
850,11,2,Action
593,8,2,Comedy
371,2,1,Action
423,14,5,Sci-Fi
311,65,5,Adventure
495,39,2,Adventure
129,31,3,Adventure
885,35,2,Horror
315,7,3,Comedy
